	/home/ubuntu/go/pkg/mod/sigs.k8s.io/controller-runtime@v0.21.0/pkg/internal/controller/controller.go:300
sigs.k8s.io/controller-runtime/pkg/internal/controller.(*Controller[...]).Start.func2.1
	/home/ubuntu/go/pkg/mod/sigs.k8s.io/controller-runtime@v0.21.0/pkg/internal/controller/controller.go:202
2026-09-22T16:24:34Z	DEBUG	evaluated recovery path	{"controller": "recoverypath", "controllerGroup": "ramp.dcn.ssu.ac.kr", "controllerKind": "RecoveryPath", "RecoveryPath": {"name":"video-workload01-to-workload02","namespace":"default"}, "namespace": "default", "name": "video-workload01-to-workload02", "reconcileID": "1027a450-ceab-46e5-89c2-a8be6453e406", "readiness": "WARM", "prepared": "video-stream-rg-epoch-47", "candidate": "<none>", "unmet": ["EstimatedRTOWithinContract", "RestoreArtifactReady"]}
2026-09-22T16:24:34Z	ERROR	Reconciler error	{"controller": "recoverypath", "controllerGroup": "ramp.dcn.ssu.ac.kr", "controllerKind": "RecoveryPath", "RecoveryPath": {"name":"video-workload01-to-workload02","namespace":"default"}, "namespace": "default", "name": "video-workload01-to-workload02", "reconcileID": "674fa33f-04d1-42b3-9df8-6da0449939b6", "error": "updating RecoveryPath status: Operation cannot be fulfilled on recoverypaths.ramp.dcn.ssu.ac.kr \"video-workload01-to-workload02\": the object has been modified; please apply your changes to the latest version and try again"}
sigs.k8s.io/controller-runtime/pkg/internal/controller.(*Controller[...]).reconcileHandler
	/home/ubuntu/go/pkg/mod/sigs.k8s.io/controller-runtime@v0.21.0/pkg/internal/controller/controller.go:353
sigs.k8s.io/controller-runtime/pkg/internal/controller.(*Controller[...]).processNextWorkItem
	/home/ubuntu/go/pkg/mod/sigs.k8s.io/controller-runtime@v0.21.0/pkg/internal/controller/controller.go:300
sigs.k8s.io/controller-runtime/pkg/internal/controller.(*Controller[...]).Start.func2.1
	/home/ubuntu/go/pkg/mod/sigs.k8s.io/controller-runtime@v0.21.0/pkg/internal/controller/controller.go:202
2026-09-22T16:24:35Z	DEBUG	evaluated recovery path	{"controller": "recoverypath", "controllerGroup": "ramp.dcn.ssu.ac.kr", "controllerKind": "RecoveryPath", "RecoveryPath": {"name":"video-workload01-to-workload02","namespace":"default"}, "namespace": "default", "name": "video-workload01-to-workload02", "reconcileID": "f807746d-386e-4aa9-b66a-ed3d2f3c8d0e", "readiness": "WARM", "prepared": "video-stream-rg-epoch-47", "candidate": "<none>", "unmet": ["EstimatedRTOWithinContract", "RestoreArtifactReady"]}
2026-09-22T16:24:36Z	ERROR	Reconciler error	{"controller": "recoverypath", "controllerGroup": "ramp.dcn.ssu.ac.kr", "controllerKind": "RecoveryPath", "RecoveryPath": {"name":"video-workload01-to-workload02","namespace":"default"}, "namespace": "default", "name": "video-workload01-to-workload02", "reconcileID": "53ef9e8c-d8a9-4d85-bc03-e83c3ad93baf", "error": "updating RecoveryPath status: Operation cannot be fulfilled on recoverypaths.ramp.dcn.ssu.ac.kr \"video-workload01-to-workload02\": the object has been modified; please apply your changes to the latest version and try again"}
sigs.k8s.io/controller-runtime/pkg/internal/controller.(*Controller[...]).reconcileHandler
	/home/ubuntu/go/pkg/mod/sigs.k8s.io/controller-runtime@v0.21.0/pkg/internal/controller/controller.go:353
sigs.k8s.io/controller-runtime/pkg/internal/controller.(*Controller[...]).processNextWorkItem
	/home/ubuntu/go/pkg/mod/sigs.k8s.io/controller-runtime@v0.21.0/pkg/internal/controller/controller.go:300
sigs.k8s.io/controller-runtime/pkg/internal/controller.(*Controller[...]).Start.func2.1
	/home/ubuntu/go/pkg/mod/sigs.k8s.io/controller-runtime@v0.21.0/pkg/internal/controller/controller.go:202
2026-09-22T16:24:37Z	DEBUG	evaluated recovery path	{"controller": "recoverypath", "controllerGroup": "ramp.dcn.ssu.ac.kr", "controllerKind": "RecoveryPath", "RecoveryPath": {"name":"video-workload01-to-workload02","namespace":"default"}, "namespace": "default", "name": "video-workload01-to-workload02", "reconcileID": "271a7ab4-568c-4cb6-b897-c1febe87ea67", "readiness": "WARM", "prepared": "video-stream-rg-epoch-47", "candidate": "<none>", "unmet": ["EstimatedRTOWithinContract", "RestoreArtifactReady"]}
2026-09-22T16:24:38Z	ERROR	Reconciler error	{"controller": "recoverypath", "controllerGroup": "ramp.dcn.ssu.ac.kr", "controllerKind": "RecoveryPath", "RecoveryPath": {"name":"video-workload01-to-workload02","namespace":"default"}, "namespace": "default", "name": "video-workload01-to-workload02", "reconcileID": "4a1ade3e-b9d7-46e8-91ab-54e4b2f62a77", "error": "updating RecoveryPath status: Operation cannot be fulfilled on recoverypaths.ramp.dcn.ssu.ac.kr \"video-workload01-to-workload02\": the object has been modified; please apply your changes to the latest version and try again"}
sigs.k8s.io/controller-runtime/pkg/internal/controller.(*Controller[...]).reconcileHandler
	/home/ubuntu/go/pkg/mod/sigs.k8s.io/controller-runtime@v0.21.0/pkg/internal/controller/controller.go:353
sigs.k8s.io/controller-runtime/pkg/internal/controller.(*Controller[...]).processNextWorkItem
	/home/ubuntu/go/pkg/mod/sigs.k8s.io/controller-runtime@v0.21.0/pkg/internal/controller/controller.go:300
sigs.k8s.io/controller-runtime/pkg/internal/controller.(*Controller[...]).Start.func2.1
	/home/ubuntu/go/pkg/mod/sigs.k8s.io/controller-runtime@v0.21.0/pkg/internal/controller/controller.go:202
2026-09-22T16:24:38Z	DEBUG	evaluated recovery path	{"controller": "recoverypath", "controllerGroup": "ramp.dcn.ssu.ac.kr", "controllerKind": "RecoveryPath", "RecoveryPath": {"name":"video-workload01-to-workload02","namespace":"default"}, "namespace": "default", "name": "video-workload01-to-workload02", "reconcileID": "e592bda8-8727-49e3-8b28-91016ec8b774", "readiness": "WARM", "prepared": "video-stream-rg-epoch-47", "candidate": "<none>", "unmet": ["EstimatedRTOWithinContract", "RestoreArtifactReady"]}
2026-09-22T16:24:39Z	ERROR	Reconciler error	{"controller": "recoverypath", "controllerGroup": "ramp.dcn.ssu.ac.kr", "controllerKind": "RecoveryPath", "RecoveryPath": {"name":"video-workload01-to-workload02","namespace":"default"}, "namespace": "default", "name": "video-workload01-to-workload02", "reconcileID": "7628e89e-a640-4141-b34b-95c993ea8df2", "error": "updating RecoveryPath status: Operation cannot be fulfilled on recoverypaths.ramp.dcn.ssu.ac.kr \"video-workload01-to-workload02\": the object has been modified; please apply your changes to the latest version and try again"}
sigs.k8s.io/controller-runtime/pkg/internal/controller.(*Controller[...]).reconcileHandler
	/home/ubuntu/go/pkg/mod/sigs.k8s.io/controller-runtime@v0.21.0/pkg/internal/controller/controller.go:353
sigs.k8s.io/controller-runtime/pkg/internal/controller.(*Controller[...]).processNextWorkItem
	/home/ubuntu/go/pkg/mod/sigs.k8s.io/controller-runtime@v0.21.0/pkg/internal/controller/controller.go:300
sigs.k8s.io/controller-runtime/pkg/internal/controller.(*Controller[...]).Start.func2.1
	/home/ubuntu/go/pkg/mod/sigs.k8s.io/controller-runtime@v0.21.0/pkg/internal/controller/controller.go:202
2026-09-22T16:24:40Z	DEBUG	evaluated recovery path	{"controller": "recoverypath", "controllerGroup": "ramp.dcn.ssu.ac.kr", "controllerKind": "RecoveryPath", "RecoveryPath": {"name":"video-workload01-to-workload02","namespace":"default"}, "namespace": "default", "name": "video-workload01-to-workload02", "reconcileID": "37ecb234-0594-4fde-8da4-17e756b24f1f", "readiness": "WARM", "prepared": "video-stream-rg-epoch-47", "candidate": "<none>", "unmet": ["EstimatedRTOWithinContract", "RestoreArtifactReady"]}
2026-09-22T16:24:41Z	DEBUG	evaluated recovery path	{"controller": "recoverypath", "controllerGroup": "ramp.dcn.ssu.ac.kr", "controllerKind": "RecoveryPath", "RecoveryPath": {"name":"video-workload01-to-workload02","namespace":"default"}, "namespace": "default", "name": "video-workload01-to-workload02", "reconcileID": "33f7982a-5264-4f2e-b1f9-4c102e8f0dd9", "readiness": "WARM", "prepared": "video-stream-rg-epoch-47", "candidate": "<none>", "unmet": ["EstimatedRTOWithinContract", "RestoreArtifactReady"]}
2026-09-22T16:24:42Z	ERROR	Reconciler error	{"controller": "recoverypath", "controllerGroup": "ramp.dcn.ssu.ac.kr", "controllerKind": "RecoveryPath", "RecoveryPath": {"name":"video-workload01-to-workload02","namespace":"default"}, "namespace": "default", "name": "video-workload01-to-workload02", "reconcileID": "107bc69f-f1a9-4fb0-a85d-149ea874b50b", "error": "updating RecoveryPath status: Operation cannot be fulfilled on recoverypaths.ramp.dcn.ssu.ac.kr \"video-workload01-to-workload02\": the object has been modified; please apply your changes to the latest version and try again"}
sigs.k8s.io/controller-runtime/pkg/internal/controller.(*Controller[...]).reconcileHandler
	/home/ubuntu/go/pkg/mod/sigs.k8s.io/controller-runtime@v0.21.0/pkg/internal/controller/controller.go:353
sigs.k8s.io/controller-runtime/pkg/internal/controller.(*Controller[...]).processNextWorkItem
	/home/ubuntu/go/pkg/mod/sigs.k8s.io/controller-runtime@v0.21.0/pkg/internal/controller/controller.go:300
sigs.k8s.io/controller-runtime/pkg/internal/controller.(*Controller[...]).Start.func2.1
	/home/ubuntu/go/pkg/mod/sigs.k8s.io/controller-runtime@v0.21.0/pkg/internal/controller/controller.go:202
2026-09-22T16:24:42Z	DEBUG	evaluated recovery path	{"controller": "recoverypath", "controllerGroup": "ramp.dcn.ssu.ac.kr", "controllerKind": "RecoveryPath", "RecoveryPath": {"name":"video-workload01-to-workload02","namespace":"default"}, "namespace": "default", "name": "video-workload01-to-workload02", "reconcileID": "16e2420e-35bd-4334-b251-1b9d1060e854", "readiness": "WARM", "prepared": "video-stream-rg-epoch-47", "candidate": "<none>", "unmet": ["EstimatedRTOWithinContract", "RestoreArtifactReady"]}
2026-09-22T16:24:43Z	ERROR	Reconciler error	{"controller": "recoverypath", "controllerGroup": "ramp.dcn.ssu.ac.kr", "controllerKind": "RecoveryPath", "RecoveryPath": {"name":"video-workload01-to-workload02","namespace":"default"}, "namespace": "default", "name": "video-workload01-to-workload02", "reconcileID": "78fd6cfd-e057-4415-9c03-29da445b5e57", "error": "updating RecoveryPath status: Operation cannot be fulfilled on recoverypaths.ramp.dcn.ssu.ac.kr \"video-workload01-to-workload02\": the object has been modified; please apply your changes to the latest version and try again"}
sigs.k8s.io/controller-runtime/pkg/internal/controller.(*Controller[...]).reconcileHandler
	/home/ubuntu/go/pkg/mod/sigs.k8s.io/controller-runtime@v0.21.0/pkg/internal/controller/controller.go:353
sigs.k8s.io/controller-runtime/pkg/internal/controller.(*Controller[...]).processNextWorkItem
	/home/ubuntu/go/pkg/mod/sigs.k8s.io/controller-runtime@v0.21.0/pkg/internal/controller/controller.go:300
sigs.k8s.io/controller-runtime/pkg/internal/controller.(*Controller[...]).Start.func2.1
	/home/ubuntu/go/pkg/mod/sigs.k8s.io/controller-runtime@v0.21.0/pkg/internal/controller/controller.go:202
2026-09-22T16:24:44Z	DEBUG	evaluated recovery path	{"controller": "recoverypath", "controllerGroup": "ramp.dcn.ssu.ac.kr", "controllerKind": "RecoveryPath", "RecoveryPath": {"name":"video-workload01-to-workload02","namespace":"default"}, "namespace": "default", "name": "video-workload01-to-workload02", "reconcileID": "dc0dc144-9926-493a-be91-c8d652733544", "readiness": "WARM", "prepared": "video-stream-rg-epoch-47", "candidate": "<none>", "unmet": ["EstimatedRTOWithinContract", "RestoreArtifactReady"]}
2026-09-22T16:24:45Z	ERROR	Reconciler error	{"controller": "recoverypath", "controllerGroup": "ramp.dcn.ssu.ac.kr", "controllerKind": "RecoveryPath", "RecoveryPath": {"name":"video-workload01-to-workload02","namespace":"default"}, "namespace": "default", "name": "video-workload01-to-workload02", "reconcileID": "180ab58f-9483-469a-9f27-7f2b7fc56296", "error": "updating RecoveryPath status: Operation cannot be fulfilled on recoverypaths.ramp.dcn.ssu.ac.kr \"video-workload01-to-workload02\": the object has been modified; please apply your changes to the latest version and try again"}
sigs.k8s.io/controller-runtime/pkg/internal/controller.(*Controller[...]).reconcileHandler
	/home/ubuntu/go/pkg/mod/sigs.k8s.io/controller-runtime@v0.21.0/pkg/internal/controller/controller.go:353
sigs.k8s.io/controller-runtime/pkg/internal/controller.(*Controller[...]).processNextWorkItem
	/home/ubuntu/go/pkg/mod/sigs.k8s.io/controller-runtime@v0.21.0/pkg/internal/controller/controller.go:300
sigs.k8s.io/controller-runtime/pkg/internal/controller.(*Controller[...]).Start.func2.1
	/home/ubuntu/go/pkg/mod/sigs.k8s.io/controller-runtime@v0.21.0/pkg/internal/controller/controller.go:202
2026-09-22T16:24:46Z	DEBUG	evaluated recovery path	{"controller": "recoverypath", "controllerGroup": "ramp.dcn.ssu.ac.kr", "controllerKind": "RecoveryPath", "RecoveryPath": {"name":"video-workload01-to-workload02","namespace":"default"}, "namespace": "default", "name": "video-workload01-to-workload02", "reconcileID": "dd4a79db-5c98-4cef-ad74-456fa6150255", "readiness": "WARM", "prepared": "video-stream-rg-epoch-47", "candidate": "<none>", "unmet": ["EstimatedRTOWithinContract", "RestoreArtifactReady"]}
2026-09-22T16:24:46Z	DEBUG	evaluated recovery path	{"controller": "recoverypath", "controllerGroup": "ramp.dcn.ssu.ac.kr", "controllerKind": "RecoveryPath", "RecoveryPath": {"name":"video-workload01-to-workload02","namespace":"default"}, "namespace": "default", "name": "video-workload01-to-workload02", "reconcileID": "5f2a4330-d0b4-451b-b80a-aa6e38be7b2f", "readiness": "WARM", "prepared": "video-stream-rg-epoch-47", "candidate": "<none>", "unmet": ["EstimatedRTOWithinContract", "RestoreArtifactReady"]}
2026-09-22T16:24:47Z	DEBUG	evaluated recovery path	{"controller": "recoverypath", "controllerGroup": "ramp.dcn.ssu.ac.kr", "controllerKind": "RecoveryPath", "RecoveryPath": {"name":"video-workload01-to-workload02","namespace":"default"}, "namespace": "default", "name": "video-workload01-to-workload02", "reconcileID": "bdda8e9a-ee96-494a-bb86-4e53d5c05987", "readiness": "WARM", "prepared": "video-stream-rg-epoch-47", "candidate": "<none>", "unmet": ["EstimatedRTOWithinContract", "RestoreArtifactReady"]}
2026-09-22T16:24:48Z	DEBUG	evaluated recovery path	{"controller": "recoverypath", "controllerGroup": "ramp.dcn.ssu.ac.kr", "controllerKind": "RecoveryPath", "RecoveryPath": {"name":"video-workload01-to-workload02","namespace":"default"}, "namespace": "default", "name": "video-workload01-to-workload02", "reconcileID": "4f2e3888-a152-4fcd-b27d-569116d19893", "readiness": "WARM", "prepared": "video-stream-rg-epoch-47", "candidate": "<none>", "unmet": ["EstimatedRTOWithinContract", "RestoreArtifactReady"]}
2026-09-22T16:24:49Z	DEBUG	evaluated recovery path	{"controller": "recoverypath", "controllerGroup": "ramp.dcn.ssu.ac.kr", "controllerKind": "RecoveryPath", "RecoveryPath": {"name":"video-workload01-to-workload02","namespace":"default"}, "namespace": "default", "name": "video-workload01-to-workload02", "reconcileID": "444d3958-565f-4abf-8e2f-96542c63daea", "readiness": "WARM", "prepared": "video-stream-rg-epoch-47", "candidate": "<none>", "unmet": ["EstimatedRTOWithinContract", "RestoreArtifactReady"]}
2026-09-22T16:24:50Z	DEBUG	evaluated recovery path	{"controller": "recoverypath", "controllerGroup": "ramp.dcn.ssu.ac.kr", "controllerKind": "RecoveryPath", "RecoveryPath": {"name":"video-workload01-to-workload02","namespace":"default"}, "namespace": "default", "name": "video-workload01-to-workload02", "reconcileID": "51061dbc-d27e-43c6-ac01-cef26040edd7", "readiness": "WARM", "prepared": "video-stream-rg-epoch-47", "candidate": "<none>", "unmet": ["EstimatedRTOWithinContract", "RestoreArtifactReady"]}
2026-09-22T16:24:50Z	DEBUG	evaluated recovery path	{"controller": "recoverypath", "controllerGroup": "ramp.dcn.ssu.ac.kr", "controllerKind": "RecoveryPath", "RecoveryPath": {"name":"video-workload01-to-workload02","namespace":"default"}, "namespace": "default", "name": "video-workload01-to-workload02", "reconcileID": "f85fe100-312d-4fc3-84bc-f7ee2c79d17e", "readiness": "HOT", "prepared": "video-stream-rg-epoch-47", "candidate": "<none>", "unmet": []}
2026-09-22T16:24:51Z	DEBUG	reconciled RecoveryGroup	{"controller": "recoverygroup", "controllerGroup": "ramp.dcn.ssu.ac.kr", "controllerKind": "RecoveryGroup", "RecoveryGroup": {"name":"video-stream-rg","namespace":"default"}, "namespace": "default", "name": "video-stream-rg", "reconcileID": "1fa1686d-b9da-4987-a08a-5b733a100dfb", "phase": "Resolved", "latestRecoveryPoint": "video-stream-rg-epoch-47"}
2026-09-22T16:24:51Z	DEBUG	evaluated recovery path	{"controller": "recoverypath", "controllerGroup": "ramp.dcn.ssu.ac.kr", "controllerKind": "RecoveryPath", "RecoveryPath": {"name":"video-workload01-to-workload02","namespace":"default"}, "namespace": "default", "name": "video-workload01-to-workload02", "reconcileID": "bfe89195-0ebe-4b0a-8e42-a23490c0cc42", "readiness": "HOT", "prepared": "video-stream-rg-epoch-47", "candidate": "<none>", "unmet": []}
2026-09-22T16:24:51Z	DEBUG	reconciled RecoveryGroup	{"controller": "recoverygroup", "controllerGroup": "ramp.dcn.ssu.ac.kr", "controllerKind": "RecoveryGroup", "RecoveryGroup": {"name":"video-stream-rg","namespace":"default"}, "namespace": "default", "name": "video-stream-rg", "reconcileID": "018b6695-1502-4c38-ae80-053a1ff5607a", "phase": "Resolved", "latestRecoveryPoint": "video-stream-rg-epoch-47"}
2026-09-22T16:24:52Z	DEBUG	evaluated recovery path	{"controller": "recoverypath", "controllerGroup": "ramp.dcn.ssu.ac.kr", "controllerKind": "RecoveryPath", "RecoveryPath": {"name":"video-workload01-to-workload02","namespace":"default"}, "namespace": "default", "name": "video-workload01-to-workload02", "reconcileID": "b2d08850-a600-4a16-bea8-f48a81c1f482", "readiness": "COLD", "prepared": "video-stream-rg-epoch-47", "candidate": "<none>", "unmet": ["EstimatedRTOWithinContract", "RestoreArtifactReady", "RestoreCapabilityAvailable", "TargetPlacementFeasible"]}
2026-09-22T16:24:52Z	DEBUG	evaluated recovery path	{"controller": "recoverypath", "controllerGroup": "ramp.dcn.ssu.ac.kr", "controllerKind": "RecoveryPath", "RecoveryPath": {"name":"video-workload01-to-workload02","namespace":"default"}, "namespace": "default", "name": "video-workload01-to-workload02", "reconcileID": "76024caf-7777-4682-91e3-67a94bd09070", "readiness": "COLD", "prepared": "video-stream-rg-epoch-47", "candidate": "<none>", "unmet": ["EstimatedRTOWithinContract", "RestoreArtifactReady", "RestoreCapabilityAvailable", "TargetPlacementFeasible"]}
2026-09-22T16:24:53Z	DEBUG	evaluated recovery path	{"controller": "recoverypath", "controllerGroup": "ramp.dcn.ssu.ac.kr", "controllerKind": "RecoveryPath", "RecoveryPath": {"name":"video-workload01-to-workload02","namespace":"default"}, "namespace": "default", "name": "video-workload01-to-workload02", "reconcileID": "cf76d7d7-3fc5-4793-a91e-dbd1f29bc2e3", "readiness": "COLD", "prepared": "video-stream-rg-epoch-47", "candidate": "<none>", "unmet": ["EstimatedRTOWithinContract", "RestoreArtifactReady", "RestoreCapabilityAvailable", "TargetPlacementFeasible"]}
2026-09-22T16:24:54Z	DEBUG	evaluated recovery path	{"controller": "recoverypath", "controllerGroup": "ramp.dcn.ssu.ac.kr", "controllerKind": "RecoveryPath", "RecoveryPath": {"name":"video-workload01-to-workload02","namespace":"default"}, "namespace": "default", "name": "video-workload01-to-workload02", "reconcileID": "7d85769d-0b25-4ab0-85e2-cc9f279234a1", "readiness": "COLD", "prepared": "video-stream-rg-epoch-47", "candidate": "<none>", "unmet": ["EstimatedRTOWithinContract", "RestoreArtifactReady", "RestoreCapabilityAvailable", "TargetPlacementFeasible"]}
2026-09-22T16:24:54Z	DEBUG	evaluated recovery path	{"controller": "recoverypath", "controllerGroup": "ramp.dcn.ssu.ac.kr", "controllerKind": "RecoveryPath", "RecoveryPath": {"name":"video-workload01-to-workload02","namespace":"default"}, "namespace": "default", "name": "video-workload01-to-workload02", "reconcileID": "6c77a89a-45f6-4fe2-ba57-cc2fb41dd8ec", "readiness": "COLD", "prepared": "video-stream-rg-epoch-47", "candidate": "<none>", "unmet": ["EstimatedRTOWithinContract", "RestoreArtifactReady", "RestoreCapabilityAvailable", "TargetPlacementFeasible"]}
2026-09-22T16:24:55Z	DEBUG	evaluated recovery path	{"controller": "recoverypath", "controllerGroup": "ramp.dcn.ssu.ac.kr", "controllerKind": "RecoveryPath", "RecoveryPath": {"name":"video-workload01-to-workload02","namespace":"default"}, "namespace": "default", "name": "video-workload01-to-workload02", "reconcileID": "fbb61b4e-43e3-4bac-aef3-0fd76d16e155", "readiness": "WARM", "prepared": "video-stream-rg-epoch-47", "candidate": "<none>", "unmet": ["EstimatedRTOWithinContract", "RestoreArtifactReady"]}
2026-09-22T16:24:56Z	DEBUG	evaluated recovery path	{"controller": "recoverypath", "controllerGroup": "ramp.dcn.ssu.ac.kr", "controllerKind": "RecoveryPath", "RecoveryPath": {"name":"video-workload01-to-workload02","namespace":"default"}, "namespace": "default", "name": "video-workload01-to-workload02", "reconcileID": "8e099899-722d-4434-bc95-d06b19331fd3", "readiness": "WARM", "prepared": "video-stream-rg-epoch-47", "candidate": "<none>", "unmet": ["EstimatedRTOWithinContract", "RestoreArtifactReady"]}
2026-09-22T16:24:57Z	ERROR	Reconciler error	{"controller": "recoverypath", "controllerGroup": "ramp.dcn.ssu.ac.kr", "controllerKind": "RecoveryPath", "RecoveryPath": {"name":"video-workload01-to-workload02","namespace":"default"}, "namespace": "default", "name": "video-workload01-to-workload02", "reconcileID": "fed57b93-f552-48cd-b087-c4f159ce0df9", "error": "updating RecoveryPath status: Operation cannot be fulfilled on recoverypaths.ramp.dcn.ssu.ac.kr \"video-workload01-to-workload02\": the object has been modified; please apply your changes to the latest version and try again"}
sigs.k8s.io/controller-runtime/pkg/internal/controller.(*Controller[...]).reconcileHandler
	/home/ubuntu/go/pkg/mod/sigs.k8s.io/controller-runtime@v0.21.0/pkg/internal/controller/controller.go:353
sigs.k8s.io/controller-runtime/pkg/internal/controller.(*Controller[...]).processNextWorkItem
	/home/ubuntu/go/pkg/mod/sigs.k8s.io/controller-runtime@v0.21.0/pkg/internal/controller/controller.go:300
sigs.k8s.io/controller-runtime/pkg/internal/controller.(*Controller[...]).Start.func2.1
	/home/ubuntu/go/pkg/mod/sigs.k8s.io/controller-runtime@v0.21.0/pkg/internal/controller/controller.go:202
2026-09-22T16:24:57Z	DEBUG	evaluated recovery path	{"controller": "recoverypath", "controllerGroup": "ramp.dcn.ssu.ac.kr", "controllerKind": "RecoveryPath", "RecoveryPath": {"name":"video-workload01-to-workload02","namespace":"default"}, "namespace": "default", "name": "video-workload01-to-workload02", "reconcileID": "91f57ecc-2a62-4425-9ceb-c0f643cc4b6e", "readiness": "WARM", "prepared": "video-stream-rg-epoch-47", "candidate": "<none>", "unmet": ["EstimatedRTOWithinContract", "RestoreArtifactReady"]}
2026-09-22T16:24:58Z	ERROR	Reconciler error	{"controller": "recoverypath", "controllerGroup": "ramp.dcn.ssu.ac.kr", "controllerKind": "RecoveryPath", "RecoveryPath": {"name":"video-workload01-to-workload02","namespace":"default"}, "namespace": "default", "name": "video-workload01-to-workload02", "reconcileID": "3fcf8021-dd67-4301-adc2-6f8e7403fa92", "error": "updating RecoveryPath status: Operation cannot be fulfilled on recoverypaths.ramp.dcn.ssu.ac.kr \"video-workload01-to-workload02\": the object has been modified; please apply your changes to the latest version and try again"}
sigs.k8s.io/controller-runtime/pkg/internal/controller.(*Controller[...]).reconcileHandler
	/home/ubuntu/go/pkg/mod/sigs.k8s.io/controller-runtime@v0.21.0/pkg/internal/controller/controller.go:353
sigs.k8s.io/controller-runtime/pkg/internal/controller.(*Controller[...]).processNextWorkItem
	/home/ubuntu/go/pkg/mod/sigs.k8s.io/controller-runtime@v0.21.0/pkg/internal/controller/controller.go:300
sigs.k8s.io/controller-runtime/pkg/internal/controller.(*Controller[...]).Start.func2.1
	/home/ubuntu/go/pkg/mod/sigs.k8s.io/controller-runtime@v0.21.0/pkg/internal/controller/controller.go:202
2026-09-22T16:24:59Z	DEBUG	evaluated recovery path	{"controller": "recoverypath", "controllerGroup": "ramp.dcn.ssu.ac.kr", "controllerKind": "RecoveryPath", "RecoveryPath": {"name":"video-workload01-to-workload02","namespace":"default"}, "namespace": "default", "name": "video-workload01-to-workload02", "reconcileID": "53c08a08-795b-489f-81ef-6946a088222b", "readiness": "HOT", "prepared": "video-stream-rg-epoch-47", "candidate": "<none>", "unmet": []}
2026-09-22T16:25:00Z	DEBUG	evaluated recovery path	{"controller": "recoverypath", "controllerGroup": "ramp.dcn.ssu.ac.kr", "controllerKind": "RecoveryPath", "RecoveryPath": {"name":"video-workload01-to-workload02","namespace":"default"}, "namespace": "default", "name": "video-workload01-to-workload02", "reconcileID": "c464681c-5d0c-43dd-a491-5c0de27caaca", "readiness": "HOT", "prepared": "video-stream-rg-epoch-47", "candidate": "<none>", "unmet": []}
2026-09-22T16:25:01Z	DEBUG	evaluated recovery path	{"controller": "recoverypath", "controllerGroup": "ramp.dcn.ssu.ac.kr", "controllerKind": "RecoveryPath", "RecoveryPath": {"name":"video-workload01-to-workload02","namespace":"default"}, "namespace": "default", "name": "video-workload01-to-workload02", "reconcileID": "8f89051b-f613-41df-ba36-c7d6109306c7", "readiness": "HOT", "prepared": "video-stream-rg-epoch-47", "candidate": "<none>", "unmet": []}
2026-09-22T16:25:01Z	DEBUG	reconciled RecoveryGroup	{"controller": "recoverygroup", "controllerGroup": "ramp.dcn.ssu.ac.kr", "controllerKind": "RecoveryGroup", "RecoveryGroup": {"name":"video-stream-rg","namespace":"default"}, "namespace": "default", "name": "video-stream-rg", "reconcileID": "4eeb9182-d0f4-4949-b014-eb2bb6d5f87d", "phase": "Resolved", "latestRecoveryPoint": "video-stream-rg-epoch-47"}
2026-09-22T16:25:01Z	DEBUG	reconciled RecoveryGroup	{"controller": "recoverygroup", "controllerGroup": "ramp.dcn.ssu.ac.kr", "controllerKind": "RecoveryGroup", "RecoveryGroup": {"name":"video-stream-rg","namespace":"default"}, "namespace": "default", "name": "video-stream-rg", "reconcileID": "f624eb42-1f5f-47f8-b7f5-5ceef36c133a", "phase": "Resolved", "latestRecoveryPoint": "video-stream-rg-epoch-47"}
2026-09-22T16:25:01Z	DEBUG	evaluated recovery path	{"controller": "recoverypath", "controllerGroup": "ramp.dcn.ssu.ac.kr", "controllerKind": "RecoveryPath", "RecoveryPath": {"name":"video-workload01-to-workload02","namespace":"default"}, "namespace": "default", "name": "video-workload01-to-workload02", "reconcileID": "1cadb51c-8ae4-43db-9f43-ffe5dea1a9be", "readiness": "HOT", "prepared": "video-stream-rg-epoch-47", "candidate": "<none>", "unmet": []}
2026-09-22T16:25:02Z	DEBUG	evaluated recovery path	{"controller": "recoverypath", "controllerGroup": "ramp.dcn.ssu.ac.kr", "controllerKind": "RecoveryPath", "RecoveryPath": {"name":"video-workload01-to-workload02","namespace":"default"}, "namespace": "default", "name": "video-workload01-to-workload02", "reconcileID": "1a1c7376-ed84-4902-8ba9-c1db18f23b2d", "readiness": "HOT", "prepared": "video-stream-rg-epoch-47", "candidate": "<none>", "unmet": []}
2026-09-22T16:25:03Z	DEBUG	evaluated recovery path	{"controller": "recoverypath", "controllerGroup": "ramp.dcn.ssu.ac.kr", "controllerKind": "RecoveryPath", "RecoveryPath": {"name":"video-workload01-to-workload02","namespace":"default"}, "namespace": "default", "name": "video-workload01-to-workload02", "reconcileID": "b3f84bd3-5866-40f8-875d-0950d63f743d", "readiness": "HOT", "prepared": "video-stream-rg-epoch-47", "candidate": "<none>", "unmet": []}
2026-09-22T16:25:04Z	DEBUG	evaluated recovery path	{"controller": "recoverypath", "controllerGroup": "ramp.dcn.ssu.ac.kr", "controllerKind": "RecoveryPath", "RecoveryPath": {"name":"video-workload01-to-workload02","namespace":"default"}, "namespace": "default", "name": "video-workload01-to-workload02", "reconcileID": "72cbd531-37ff-4e66-b19a-1815a1f0cbfc", "readiness": "HOT", "prepared": "video-stream-rg-epoch-47", "candidate": "<none>", "unmet": []}
2026-09-22T16:25:05Z	DEBUG	evaluated recovery path	{"controller": "recoverypath", "controllerGroup": "ramp.dcn.ssu.ac.kr", "controllerKind": "RecoveryPath", "RecoveryPath": {"name":"video-workload01-to-workload02","namespace":"default"}, "namespace": "default", "name": "video-workload01-to-workload02", "reconcileID": "ac1edb56-70ba-4fab-957d-6d5ec0f955ff", "readiness": "HOT", "prepared": "video-stream-rg-epoch-47", "candidate": "<none>", "unmet": []}
2026-09-22T16:25:05Z	DEBUG	evaluated recovery path	{"controller": "recoverypath", "controllerGroup": "ramp.dcn.ssu.ac.kr", "controllerKind": "RecoveryPath", "RecoveryPath": {"name":"video-workload01-to-workload02","namespace":"default"}, "namespace": "default", "name": "video-workload01-to-workload02", "reconcileID": "6ebc207c-80a0-4e48-a6b4-54d795a44c9e", "readiness": "HOT", "prepared": "video-stream-rg-epoch-47", "candidate": "<none>", "unmet": []}
2026-09-22T16:25:06Z	DEBUG	evaluated recovery path	{"controller": "recoverypath", "controllerGroup": "ramp.dcn.ssu.ac.kr", "controllerKind": "RecoveryPath", "RecoveryPath": {"name":"video-workload01-to-workload02","namespace":"default"}, "namespace": "default", "name": "video-workload01-to-workload02", "reconcileID": "ed75ab1d-81f5-4201-9045-c25b87792335", "readiness": "HOT", "prepared": "video-stream-rg-epoch-47", "candidate": "<none>", "unmet": []}
2026-09-22T16:25:07Z	DEBUG	evaluated recovery path	{"controller": "recoverypath", "controllerGroup": "ramp.dcn.ssu.ac.kr", "controllerKind": "RecoveryPath", "RecoveryPath": {"name":"video-workload01-to-workload02","namespace":"default"}, "namespace": "default", "name": "video-workload01-to-workload02", "reconcileID": "d82a6b3a-a787-42e7-8c97-1c866ea78051", "readiness": "HOT", "prepared": "video-stream-rg-epoch-47", "candidate": "<none>", "unmet": []}
2026-09-22T16:25:08Z	DEBUG	evaluated recovery path	{"controller": "recoverypath", "controllerGroup": "ramp.dcn.ssu.ac.kr", "controllerKind": "RecoveryPath", "RecoveryPath": {"name":"video-workload01-to-workload02","namespace":"default"}, "namespace": "default", "name": "video-workload01-to-workload02", "reconcileID": "c109ad95-6e38-40e3-a9e1-0a9d195d0656", "readiness": "HOT", "prepared": "video-stream-rg-epoch-47", "candidate": "<none>", "unmet": []}
2026-09-22T16:25:09Z	DEBUG	evaluated recovery path	{"controller": "recoverypath", "controllerGroup": "ramp.dcn.ssu.ac.kr", "controllerKind": "RecoveryPath", "RecoveryPath": {"name":"video-workload01-to-workload02","namespace":"default"}, "namespace": "default", "name": "video-workload01-to-workload02", "reconcileID": "aea00770-7261-4604-a9c9-0074fee52089", "readiness": "HOT", "prepared": "video-stream-rg-epoch-47", "candidate": "<none>", "unmet": []}
2026-09-22T16:25:09Z	DEBUG	evaluated recovery path	{"controller": "recoverypath", "controllerGroup": "ramp.dcn.ssu.ac.kr", "controllerKind": "RecoveryPath", "RecoveryPath": {"name":"video-workload01-to-workload02","namespace":"default"}, "namespace": "default", "name": "video-workload01-to-workload02", "reconcileID": "ba017cb6-28b3-4f3c-a1af-c9909e1dd638", "readiness": "HOT", "prepared": "video-stream-rg-epoch-47", "candidate": "<none>", "unmet": []}
2026-09-22T16:25:10Z	ERROR	Reconciler error	{"controller": "recoverypath", "controllerGroup": "ramp.dcn.ssu.ac.kr", "controllerKind": "RecoveryPath", "RecoveryPath": {"name":"video-workload01-to-workload02","namespace":"default"}, "namespace": "default", "name": "video-workload01-to-workload02", "reconcileID": "42f31cff-cb4e-4706-beca-5a24ea2dd7f4", "error": "updating RecoveryPath status: Operation cannot be fulfilled on recoverypaths.ramp.dcn.ssu.ac.kr \"video-workload01-to-workload02\": the object has been modified; please apply your changes to the latest version and try again"}
sigs.k8s.io/controller-runtime/pkg/internal/controller.(*Controller[...]).reconcileHandler
	/home/ubuntu/go/pkg/mod/sigs.k8s.io/controller-runtime@v0.21.0/pkg/internal/controller/controller.go:353
sigs.k8s.io/controller-runtime/pkg/internal/controller.(*Controller[...]).processNextWorkItem
	/home/ubuntu/go/pkg/mod/sigs.k8s.io/controller-runtime@v0.21.0/pkg/internal/controller/controller.go:300
sigs.k8s.io/controller-runtime/pkg/internal/controller.(*Controller[...]).Start.func2.1
	/home/ubuntu/go/pkg/mod/sigs.k8s.io/controller-runtime@v0.21.0/pkg/internal/controller/controller.go:202
2026-09-22T16:25:11Z	DEBUG	evaluated recovery path	{"controller": "recoverypath", "controllerGroup": "ramp.dcn.ssu.ac.kr", "controllerKind": "RecoveryPath", "RecoveryPath": {"name":"video-workload01-to-workload02","namespace":"default"}, "namespace": "default", "name": "video-workload01-to-workload02", "reconcileID": "7e93207c-16fc-4875-ab2b-0cd3e9367082", "readiness": "HOT", "prepared": "video-stream-rg-epoch-47", "candidate": "<none>", "unmet": []}
2026-09-22T16:25:12Z	ERROR	Reconciler error	{"controller": "recoverypath", "controllerGroup": "ramp.dcn.ssu.ac.kr", "controllerKind": "RecoveryPath", "RecoveryPath": {"name":"video-workload01-to-workload02","namespace":"default"}, "namespace": "default", "name": "video-workload01-to-workload02", "reconcileID": "4ce9527c-bd5b-4214-b901-27de9080192b", "error": "updating RecoveryPath status: Operation cannot be fulfilled on recoverypaths.ramp.dcn.ssu.ac.kr \"video-workload01-to-workload02\": the object has been modified; please apply your changes to the latest version and try again"}
sigs.k8s.io/controller-runtime/pkg/internal/controller.(*Controller[...]).reconcileHandler
	/home/ubuntu/go/pkg/mod/sigs.k8s.io/controller-runtime@v0.21.0/pkg/internal/controller/controller.go:353
sigs.k8s.io/controller-runtime/pkg/internal/controller.(*Controller[...]).processNextWorkItem
	/home/ubuntu/go/pkg/mod/sigs.k8s.io/controller-runtime@v0.21.0/pkg/internal/controller/controller.go:300
sigs.k8s.io/controller-runtime/pkg/internal/controller.(*Controller[...]).Start.func2.1
	/home/ubuntu/go/pkg/mod/sigs.k8s.io/controller-runtime@v0.21.0/pkg/internal/controller/controller.go:202
2026-09-22T16:25:13Z	DEBUG	evaluated recovery path	{"controller": "recoverypath", "controllerGroup": "ramp.dcn.ssu.ac.kr", "controllerKind": "RecoveryPath", "RecoveryPath": {"name":"video-workload01-to-workload02","namespace":"default"}, "namespace": "default", "name": "video-workload01-to-workload02", "reconcileID": "69469870-a152-4fae-b584-cf9903cfab78", "readiness": "HOT", "prepared": "video-stream-rg-epoch-47", "candidate": "<none>", "unmet": []}
2026-09-22T16:25:13Z	ERROR	Reconciler error	{"controller": "recoverypath", "controllerGroup": "ramp.dcn.ssu.ac.kr", "controllerKind": "RecoveryPath", "RecoveryPath": {"name":"video-workload01-to-workload02","namespace":"default"}, "namespace": "default", "name": "video-workload01-to-workload02", "reconcileID": "09d5bb28-114e-4ec1-9c2c-6b2fb7c3873b", "error": "updating RecoveryPath status: Operation cannot be fulfilled on recoverypaths.ramp.dcn.ssu.ac.kr \"video-workload01-to-workload02\": the object has been modified; please apply your changes to the latest version and try again"}
sigs.k8s.io/controller-runtime/pkg/internal/controller.(*Controller[...]).reconcileHandler
	/home/ubuntu/go/pkg/mod/sigs.k8s.io/controller-runtime@v0.21.0/pkg/internal/controller/controller.go:353
sigs.k8s.io/controller-runtime/pkg/internal/controller.(*Controller[...]).processNextWorkItem
	/home/ubuntu/go/pkg/mod/sigs.k8s.io/controller-runtime@v0.21.0/pkg/internal/controller/controller.go:300
sigs.k8s.io/controller-runtime/pkg/internal/controller.(*Controller[...]).Start.func2.1
	/home/ubuntu/go/pkg/mod/sigs.k8s.io/controller-runtime@v0.21.0/pkg/internal/controller/controller.go:202
2026-09-22T16:25:14Z	DEBUG	evaluated recovery path	{"controller": "recoverypath", "controllerGroup": "ramp.dcn.ssu.ac.kr", "controllerKind": "RecoveryPath", "RecoveryPath": {"name":"video-workload01-to-workload02","namespace":"default"}, "namespace": "default", "name": "video-workload01-to-workload02", "reconcileID": "c41b840f-14e5-4d54-af47-7780e351e6a2", "readiness": "HOT", "prepared": "video-stream-rg-epoch-47", "candidate": "<none>", "unmet": []}
2026-09-22T16:25:15Z	DEBUG	evaluated recovery path	{"controller": "recoverypath", "controllerGroup": "ramp.dcn.ssu.ac.kr", "controllerKind": "RecoveryPath", "RecoveryPath": {"name":"video-workload01-to-workload02","namespace":"default"}, "namespace": "default", "name": "video-workload01-to-workload02", "reconcileID": "ba237b24-9808-4667-a9d0-02158bb44e8f", "readiness": "HOT", "prepared": "video-stream-rg-epoch-47", "candidate": "<none>", "unmet": []}
2026-09-22T16:25:16Z	DEBUG	evaluated recovery path	{"controller": "recoverypath", "controllerGroup": "ramp.dcn.ssu.ac.kr", "controllerKind": "RecoveryPath", "RecoveryPath": {"name":"video-workload01-to-workload02","namespace":"default"}, "namespace": "default", "name": "video-workload01-to-workload02", "reconcileID": "00c7b1ee-413b-46b2-89ca-ad655046fe6b", "readiness": "HOT", "prepared": "video-stream-rg-epoch-47", "candidate": "<none>", "unmet": []}
2026-09-22T16:25:17Z	DEBUG	evaluated recovery path	{"controller": "recoverypath", "controllerGroup": "ramp.dcn.ssu.ac.kr", "controllerKind": "RecoveryPath", "RecoveryPath": {"name":"video-workload01-to-workload02","namespace":"default"}, "namespace": "default", "name": "video-workload01-to-workload02", "reconcileID": "d6b694dc-0992-452e-8708-f43bcda95249", "readiness": "HOT", "prepared": "video-stream-rg-epoch-47", "candidate": "<none>", "unmet": []}
2026-09-22T16:25:17Z	DEBUG	evaluated recovery path	{"controller": "recoverypath", "controllerGroup": "ramp.dcn.ssu.ac.kr", "controllerKind": "RecoveryPath", "RecoveryPath": {"name":"video-workload01-to-workload02","namespace":"default"}, "namespace": "default", "name": "video-workload01-to-workload02", "reconcileID": "00289cd2-3d8e-4b5e-824c-8fdd852a5882", "readiness": "HOT", "prepared": "video-stream-rg-epoch-47", "candidate": "<none>", "unmet": []}
2026-09-22T16:25:18Z	DEBUG	evaluated recovery path	{"controller": "recoverypath", "controllerGroup": "ramp.dcn.ssu.ac.kr", "controllerKind": "RecoveryPath", "RecoveryPath": {"name":"video-workload01-to-workload02","namespace":"default"}, "namespace": "default", "name": "video-workload01-to-workload02", "reconcileID": "1bee86eb-c45a-4676-b9a2-aed74ebe4b71", "readiness": "HOT", "prepared": "video-stream-rg-epoch-47", "candidate": "<none>", "unmet": []}
2026-09-22T16:25:19Z	DEBUG	evaluated recovery path	{"controller": "recoverypath", "controllerGroup": "ramp.dcn.ssu.ac.kr", "controllerKind": "RecoveryPath", "RecoveryPath": {"name":"video-workload01-to-workload02","namespace":"default"}, "namespace": "default", "name": "video-workload01-to-workload02", "reconcileID": "70db6b7c-2d75-416d-b2c5-0f9bfb49f66c", "readiness": "HOT", "prepared": "video-stream-rg-epoch-47", "candidate": "<none>", "unmet": []}
2026-09-22T16:25:20Z	DEBUG	evaluated recovery path	{"controller": "recoverypath", "controllerGroup": "ramp.dcn.ssu.ac.kr", "controllerKind": "RecoveryPath", "RecoveryPath": {"name":"video-workload01-to-workload02","namespace":"default"}, "namespace": "default", "name": "video-workload01-to-workload02", "reconcileID": "4593e25d-2537-4e10-981d-beac320d4786", "readiness": "HOT", "prepared": "video-stream-rg-epoch-47", "candidate": "<none>", "unmet": []}
2026-09-22T16:25:21Z	DEBUG	evaluated recovery path	{"controller": "recoverypath", "controllerGroup": "ramp.dcn.ssu.ac.kr", "controllerKind": "RecoveryPath", "RecoveryPath": {"name":"video-workload01-to-workload02","namespace":"default"}, "namespace": "default", "name": "video-workload01-to-workload02", "reconcileID": "507c0515-8e4e-4761-8406-7c396b6d24a0", "readiness": "HOT", "prepared": "video-stream-rg-epoch-47", "candidate": "<none>", "unmet": []}
2026-09-22T16:25:21Z	DEBUG	reconciled RecoveryGroup	{"controller": "recoverygroup", "controllerGroup": "ramp.dcn.ssu.ac.kr", "controllerKind": "RecoveryGroup", "RecoveryGroup": {"name":"video-stream-rg","namespace":"default"}, "namespace": "default", "name": "video-stream-rg", "reconcileID": "31234b91-deb4-42d1-8afc-b09cc17ba4ea", "phase": "Resolved", "latestRecoveryPoint": "video-stream-rg-epoch-47"}
2026-09-22T16:25:21Z	DEBUG	reconciled RecoveryGroup	{"controller": "recoverygroup", "controllerGroup": "ramp.dcn.ssu.ac.kr", "controllerKind": "RecoveryGroup", "RecoveryGroup": {"name":"video-stream-rg","namespace":"default"}, "namespace": "default", "name": "video-stream-rg", "reconcileID": "1fff28b7-367e-4876-9352-e0314b0b167f", "phase": "Resolved", "latestRecoveryPoint": "video-stream-rg-epoch-47"}
2026-09-22T16:25:21Z	DEBUG	evaluated recovery path	{"controller": "recoverypath", "controllerGroup": "ramp.dcn.ssu.ac.kr", "controllerKind": "RecoveryPath", "RecoveryPath": {"name":"video-workload01-to-workload02","namespace":"default"}, "namespace": "default", "name": "video-workload01-to-workload02", "reconcileID": "886cab6e-573a-4893-8cd5-22226056340e", "readiness": "WARM", "prepared": "video-stream-rg-epoch-47", "candidate": "<none>", "unmet": ["RecoveryPointFreshEnough"]}
2026-09-22T16:25:22Z	DEBUG	evaluated recovery path	{"controller": "recoverypath", "controllerGroup": "ramp.dcn.ssu.ac.kr", "controllerKind": "RecoveryPath", "RecoveryPath": {"name":"video-workload01-to-workload02","namespace":"default"}, "namespace": "default", "name": "video-workload01-to-workload02", "reconcileID": "e9e9168a-3b46-4b3f-9c9b-934370443843", "readiness": "WARM", "prepared": "video-stream-rg-epoch-47", "candidate": "<none>", "unmet": ["RecoveryPointFreshEnough"]}
2026-09-22T16:25:23Z	DEBUG	evaluated recovery path	{"controller": "recoverypath", "controllerGroup": "ramp.dcn.ssu.ac.kr", "controllerKind": "RecoveryPath", "RecoveryPath": {"name":"video-workload01-to-workload02","namespace":"default"}, "namespace": "default", "name": "video-workload01-to-workload02", "reconcileID": "f6d5e204-65a4-4b1f-b69a-8b1d691353ef", "readiness": "WARM", "prepared": "video-stream-rg-epoch-47", "candidate": "<none>", "unmet": ["RecoveryPointFreshEnough"]}
2026-09-22T16:25:23Z	DEBUG	reconciled RecoveryGroup	{"controller": "recoverygroup", "controllerGroup": "ramp.dcn.ssu.ac.kr", "controllerKind": "RecoveryGroup", "RecoveryGroup": {"name":"video-stream-rg","namespace":"default"}, "namespace": "default", "name": "video-stream-rg", "reconcileID": "a70988d7-1927-485d-b23c-01acb6e57b1d", "phase": "Resolved", "latestRecoveryPoint": "video-stream-rg-epoch-47"}
2026-09-22T16:25:23Z	DEBUG	reconciled RecoveryGroup	{"controller": "recoverygroup", "controllerGroup": "ramp.dcn.ssu.ac.kr", "controllerKind": "RecoveryGroup", "RecoveryGroup": {"name":"video-stream-rg","namespace":"default"}, "namespace": "default", "name": "video-stream-rg", "reconcileID": "fe0039fe-b3c9-407f-9987-f13dd9a2ff1d", "phase": "Resolved", "latestRecoveryPoint": "video-stream-rg-epoch-47"}
2026-09-22T16:25:24Z	DEBUG	evaluated recovery path	{"controller": "recoverypath", "controllerGroup": "ramp.dcn.ssu.ac.kr", "controllerKind": "RecoveryPath", "RecoveryPath": {"name":"video-workload01-to-workload02","namespace":"default"}, "namespace": "default", "name": "video-workload01-to-workload02", "reconcileID": "b33a66db-8a25-4bba-b273-09db3ea3065a", "readiness": "WARM", "prepared": "video-stream-rg-epoch-47", "candidate": "<none>", "unmet": ["RecoveryPointFreshEnough"]}
2026-09-22T16:25:25Z	DEBUG	evaluated recovery path	{"controller": "recoverypath", "controllerGroup": "ramp.dcn.ssu.ac.kr", "controllerKind": "RecoveryPath", "RecoveryPath": {"name":"video-workload01-to-workload02","namespace":"default"}, "namespace": "default", "name": "video-workload01-to-workload02", "reconcileID": "94038e4a-9d44-43ca-9b18-fe85d4554bc4", "readiness": "HOT", "prepared": "video-stream-rg-epoch-47", "candidate": "<none>", "unmet": []}
2026-09-22T16:25:25Z	DEBUG	evaluated recovery path	{"controller": "recoverypath", "controllerGroup": "ramp.dcn.ssu.ac.kr", "controllerKind": "RecoveryPath", "RecoveryPath": {"name":"video-workload01-to-workload02","namespace":"default"}, "namespace": "default", "name": "video-workload01-to-workload02", "reconcileID": "ce98bc78-10eb-4529-bc76-0b5a47180ff7", "readiness": "HOT", "prepared": "video-stream-rg-epoch-47", "candidate": "<none>", "unmet": []}
2026-09-22T16:25:26Z	DEBUG	evaluated recovery path	{"controller": "recoverypath", "controllerGroup": "ramp.dcn.ssu.ac.kr", "controllerKind": "RecoveryPath", "RecoveryPath": {"name":"video-workload01-to-workload02","namespace":"default"}, "namespace": "default", "name": "video-workload01-to-workload02", "reconcileID": "31cc5b04-e600-4b82-bb5d-79e7c2fe5e9b", "readiness": "HOT", "prepared": "video-stream-rg-epoch-47", "candidate": "<none>", "unmet": []}
2026-09-22T16:25:27Z	INFO	running recovery epoch	{"controller": "recoverypoint", "controllerGroup": "ramp.dcn.ssu.ac.kr", "controllerKind": "RecoveryPoint", "RecoveryPoint": {"name":"video-stream-rg-epoch-48","namespace":"default"}, "namespace": "default", "name": "video-stream-rg-epoch-48", "reconcileID": "9328a9b5-3d5e-40f6-9131-de641ddfdcbe", "group": "video-stream-rg", "epoch": 48}
2026-09-22T16:25:27Z	DEBUG	evaluated recovery path	{"controller": "recoverypath", "controllerGroup": "ramp.dcn.ssu.ac.kr", "controllerKind": "RecoveryPath", "RecoveryPath": {"name":"video-workload01-to-workload02","namespace":"default"}, "namespace": "default", "name": "video-workload01-to-workload02", "reconcileID": "79ab70e5-570b-4baa-a2c2-a73e8fe95cdf", "readiness": "HOT", "prepared": "video-stream-rg-epoch-47", "candidate": "<none>", "unmet": []}
2026-09-22T16:25:28Z	DEBUG	evaluated recovery path	{"controller": "recoverypath", "controllerGroup": "ramp.dcn.ssu.ac.kr", "controllerKind": "RecoveryPath", "RecoveryPath": {"name":"video-workload01-to-workload02","namespace":"default"}, "namespace": "default", "name": "video-workload01-to-workload02", "reconcileID": "85113006-410f-45ee-aaf5-ba63faed8f0a", "readiness": "HOT", "prepared": "video-stream-rg-epoch-47", "candidate": "<none>", "unmet": []}
2026-09-22T16:25:29Z	DEBUG	evaluated recovery path	{"controller": "recoverypath", "controllerGroup": "ramp.dcn.ssu.ac.kr", "controllerKind": "RecoveryPath", "RecoveryPath": {"name":"video-workload01-to-workload02","namespace":"default"}, "namespace": "default", "name": "video-workload01-to-workload02", "reconcileID": "924603cd-0c6e-41ec-a425-7c911f63352e", "readiness": "HOT", "prepared": "video-stream-rg-epoch-47", "candidate": "<none>", "unmet": []}
2026-09-22T16:25:29Z	DEBUG	evaluated recovery path	{"controller": "recoverypath", "controllerGroup": "ramp.dcn.ssu.ac.kr", "controllerKind": "RecoveryPath", "RecoveryPath": {"name":"video-workload01-to-workload02","namespace":"default"}, "namespace": "default", "name": "video-workload01-to-workload02", "reconcileID": "86038459-c2c4-4114-ab7f-992a8b8bbaf2", "readiness": "HOT", "prepared": "video-stream-rg-epoch-47", "candidate": "<none>", "unmet": []}
2026-09-22T16:25:30Z	DEBUG	evaluated recovery path	{"controller": "recoverypath", "controllerGroup": "ramp.dcn.ssu.ac.kr", "controllerKind": "RecoveryPath", "RecoveryPath": {"name":"video-workload01-to-workload02","namespace":"default"}, "namespace": "default", "name": "video-workload01-to-workload02", "reconcileID": "5766c4d7-c207-4271-b741-4edab7e71d5d", "readiness": "HOT", "prepared": "video-stream-rg-epoch-47", "candidate": "<none>", "unmet": []}
2026-09-22T16:25:30Z	INFO	application quiesced	{"controller": "recoverypoint", "controllerGroup": "ramp.dcn.ssu.ac.kr", "controllerKind": "RecoveryPoint", "RecoveryPoint": {"name":"video-stream-rg-epoch-48","namespace":"default"}, "namespace": "default", "name": "video-stream-rg-epoch-48", "reconcileID": "9328a9b5-3d5e-40f6-9131-de641ddfdcbe", "epoch": 48, "position": 409, "instance": "9ecffb68-d3fb-464a-b5f6-56d50050253c"}
2026-09-22T16:25:30Z	INFO	replication barrier acknowledged	{"controller": "recoverypoint", "controllerGroup": "ramp.dcn.ssu.ac.kr", "controllerKind": "RecoveryPoint", "RecoveryPoint": {"name":"video-stream-rg-epoch-48","namespace":"default"}, "namespace": "default", "name": "video-stream-rg-epoch-48", "reconcileID": "9328a9b5-3d5e-40f6-9131-de641ddfdcbe", "epoch": 48, "position": 409, "offset": 52911, "ackedReplicas": 1}
2026-09-22T16:25:31Z	INFO	redis epoch artifact created	{"controller": "recoverypoint", "controllerGroup": "ramp.dcn.ssu.ac.kr", "controllerKind": "RecoveryPoint", "RecoveryPoint": {"name":"video-stream-rg-epoch-48","namespace":"default"}, "namespace": "default", "name": "video-stream-rg-epoch-48", "reconcileID": "9328a9b5-3d5e-40f6-9131-de641ddfdcbe", "epoch": 48, "ref": "minio://checkpoints/ramp-redis-epoch/video-stream-rg-epoch-48.rdb", "bytes": 380, "position": 409}
2026-09-22T16:25:31Z	DEBUG	evaluated recovery path	{"controller": "recoverypath", "controllerGroup": "ramp.dcn.ssu.ac.kr", "controllerKind": "RecoveryPath", "RecoveryPath": {"name":"video-workload01-to-workload02","namespace":"default"}, "namespace": "default", "name": "video-workload01-to-workload02", "reconcileID": "4fbf1671-7894-4327-9f6d-f588c4d1f15f", "readiness": "HOT", "prepared": "video-stream-rg-epoch-47", "candidate": "<none>", "unmet": []}
2026-09-22T16:25:32Z	DEBUG	evaluated recovery path	{"controller": "recoverypath", "controllerGroup": "ramp.dcn.ssu.ac.kr", "controllerKind": "RecoveryPath", "RecoveryPath": {"name":"video-workload01-to-workload02","namespace":"default"}, "namespace": "default", "name": "video-workload01-to-workload02", "reconcileID": "296a473f-06be-40df-a397-7ea772f6e6e9", "readiness": "HOT", "prepared": "video-stream-rg-epoch-47", "candidate": "<none>", "unmet": []}
2026-09-22T16:25:33Z	DEBUG	evaluated recovery path	{"controller": "recoverypath", "controllerGroup": "ramp.dcn.ssu.ac.kr", "controllerKind": "RecoveryPath", "RecoveryPath": {"name":"video-workload01-to-workload02","namespace":"default"}, "namespace": "default", "name": "video-workload01-to-workload02", "reconcileID": "f2bd0fa4-9f82-481d-af22-3c7ba9a954e7", "readiness": "HOT", "prepared": "video-stream-rg-epoch-47", "candidate": "<none>", "unmet": []}
2026-09-22T16:25:33Z	DEBUG	evaluated recovery path	{"controller": "recoverypath", "controllerGroup": "ramp.dcn.ssu.ac.kr", "controllerKind": "RecoveryPath", "RecoveryPath": {"name":"video-workload01-to-workload02","namespace":"default"}, "namespace": "default", "name": "video-workload01-to-workload02", "reconcileID": "3132c93d-4ead-4f51-8d78-226623c2c69d", "readiness": "HOT", "prepared": "video-stream-rg-epoch-47", "candidate": "<none>", "unmet": []}
2026-09-22T16:25:34Z	DEBUG	evaluated recovery path	{"controller": "recoverypath", "controllerGroup": "ramp.dcn.ssu.ac.kr", "controllerKind": "RecoveryPath", "RecoveryPath": {"name":"video-workload01-to-workload02","namespace":"default"}, "namespace": "default", "name": "video-workload01-to-workload02", "reconcileID": "cf8a3d54-7b9e-45b5-b6ee-b1e68e8c6c02", "readiness": "HOT", "prepared": "video-stream-rg-epoch-47", "candidate": "<none>", "unmet": []}
2026-09-22T16:25:35Z	DEBUG	evaluated recovery path	{"controller": "recoverypath", "controllerGroup": "ramp.dcn.ssu.ac.kr", "controllerKind": "RecoveryPath", "RecoveryPath": {"name":"video-workload01-to-workload02","namespace":"default"}, "namespace": "default", "name": "video-workload01-to-workload02", "reconcileID": "7bc2d3d7-83c0-4876-8661-6a588641fc00", "readiness": "HOT", "prepared": "video-stream-rg-epoch-47", "candidate": "<none>", "unmet": []}
2026-09-22T16:25:36Z	ERROR	Reconciler error	{"controller": "recoverypath", "controllerGroup": "ramp.dcn.ssu.ac.kr", "controllerKind": "RecoveryPath", "RecoveryPath": {"name":"video-workload01-to-workload02","namespace":"default"}, "namespace": "default", "name": "video-workload01-to-workload02", "reconcileID": "73213d8f-a70b-477c-a93b-a3bffdccd252", "error": "updating RecoveryPath status: Operation cannot be fulfilled on recoverypaths.ramp.dcn.ssu.ac.kr \"video-workload01-to-workload02\": the object has been modified; please apply your changes to the latest version and try again"}
sigs.k8s.io/controller-runtime/pkg/internal/controller.(*Controller[...]).reconcileHandler
	/home/ubuntu/go/pkg/mod/sigs.k8s.io/controller-runtime@v0.21.0/pkg/internal/controller/controller.go:353
sigs.k8s.io/controller-runtime/pkg/internal/controller.(*Controller[...]).processNextWorkItem
	/home/ubuntu/go/pkg/mod/sigs.k8s.io/controller-runtime@v0.21.0/pkg/internal/controller/controller.go:300
sigs.k8s.io/controller-runtime/pkg/internal/controller.(*Controller[...]).Start.func2.1
	/home/ubuntu/go/pkg/mod/sigs.k8s.io/controller-runtime@v0.21.0/pkg/internal/controller/controller.go:202
2026-09-22T16:25:36Z	INFO	recovery point committed	{"controller": "recoverypoint", "controllerGroup": "ramp.dcn.ssu.ac.kr", "controllerKind": "RecoveryPoint", "RecoveryPoint": {"name":"video-stream-rg-epoch-48","namespace":"default"}, "namespace": "default", "name": "video-stream-rg-epoch-48", "reconcileID": "9328a9b5-3d5e-40f6-9131-de641ddfdcbe", "epoch": 48, "position": 409, "redisSnapshotPosition": 409, "checkpointPosition": 409}
2026-09-22T16:25:37Z	DEBUG	evaluated recovery path	{"controller": "recoverypath", "controllerGroup": "ramp.dcn.ssu.ac.kr", "controllerKind": "RecoveryPath", "RecoveryPath": {"name":"video-workload01-to-workload02","namespace":"default"}, "namespace": "default", "name": "video-workload01-to-workload02", "reconcileID": "87f435bd-b01c-4025-b4bb-1c3cb0020a62", "readiness": "HOT", "prepared": "video-stream-rg-epoch-47", "candidate": "<none>", "unmet": []}
2026-09-22T16:25:37Z	ERROR	Reconciler error	{"controller": "recoverypath", "controllerGroup": "ramp.dcn.ssu.ac.kr", "controllerKind": "RecoveryPath", "RecoveryPath": {"name":"video-workload01-to-workload02","namespace":"default"}, "namespace": "default", "name": "video-workload01-to-workload02", "reconcileID": "e14dd06a-28e4-443d-bd50-d57b29147d5d", "error": "updating RecoveryPath status: Operation cannot be fulfilled on recoverypaths.ramp.dcn.ssu.ac.kr \"video-workload01-to-workload02\": the object has been modified; please apply your changes to the latest version and try again"}
sigs.k8s.io/controller-runtime/pkg/internal/controller.(*Controller[...]).reconcileHandler
	/home/ubuntu/go/pkg/mod/sigs.k8s.io/controller-runtime@v0.21.0/pkg/internal/controller/controller.go:353
sigs.k8s.io/controller-runtime/pkg/internal/controller.(*Controller[...]).processNextWorkItem
	/home/ubuntu/go/pkg/mod/sigs.k8s.io/controller-runtime@v0.21.0/pkg/internal/controller/controller.go:300
sigs.k8s.io/controller-runtime/pkg/internal/controller.(*Controller[...]).Start.func2.1
	/home/ubuntu/go/pkg/mod/sigs.k8s.io/controller-runtime@v0.21.0/pkg/internal/controller/controller.go:202
2026-09-22T16:25:38Z	DEBUG	evaluated recovery path	{"controller": "recoverypath", "controllerGroup": "ramp.dcn.ssu.ac.kr", "controllerKind": "RecoveryPath", "RecoveryPath": {"name":"video-workload01-to-workload02","namespace":"default"}, "namespace": "default", "name": "video-workload01-to-workload02", "reconcileID": "0732d442-3817-4da5-a2e0-e0c9e83414b7", "readiness": "HOT", "prepared": "video-stream-rg-epoch-47", "candidate": "video-stream-rg-epoch-48", "unmet": []}
2026-09-22T16:25:39Z	ERROR	Reconciler error	{"controller": "recoverypath", "controllerGroup": "ramp.dcn.ssu.ac.kr", "controllerKind": "RecoveryPath", "RecoveryPath": {"name":"video-workload01-to-workload02","namespace":"default"}, "namespace": "default", "name": "video-workload01-to-workload02", "reconcileID": "ed98431a-4bd9-44ca-93e7-233628fc012b", "error": "updating RecoveryPath status: Operation cannot be fulfilled on recoverypaths.ramp.dcn.ssu.ac.kr \"video-workload01-to-workload02\": the object has been modified; please apply your changes to the latest version and try again"}
sigs.k8s.io/controller-runtime/pkg/internal/controller.(*Controller[...]).reconcileHandler
	/home/ubuntu/go/pkg/mod/sigs.k8s.io/controller-runtime@v0.21.0/pkg/internal/controller/controller.go:353
sigs.k8s.io/controller-runtime/pkg/internal/controller.(*Controller[...]).processNextWorkItem
	/home/ubuntu/go/pkg/mod/sigs.k8s.io/controller-runtime@v0.21.0/pkg/internal/controller/controller.go:300
sigs.k8s.io/controller-runtime/pkg/internal/controller.(*Controller[...]).Start.func2.1
	/home/ubuntu/go/pkg/mod/sigs.k8s.io/controller-runtime@v0.21.0/pkg/internal/controller/controller.go:202
2026-09-22T16:25:40Z	DEBUG	evaluated recovery path	{"controller": "recoverypath", "controllerGroup": "ramp.dcn.ssu.ac.kr", "controllerKind": "RecoveryPath", "RecoveryPath": {"name":"video-workload01-to-workload02","namespace":"default"}, "namespace": "default", "name": "video-workload01-to-workload02", "reconcileID": "29fa2eea-40e3-4b2a-a144-95b32973d09f", "readiness": "HOT", "prepared": "video-stream-rg-epoch-47", "candidate": "video-stream-rg-epoch-48", "unmet": []}
2026-09-22T16:25:41Z	ERROR	Reconciler error	{"controller": "recoverypath", "controllerGroup": "ramp.dcn.ssu.ac.kr", "controllerKind": "RecoveryPath", "RecoveryPath": {"name":"video-workload01-to-workload02","namespace":"default"}, "namespace": "default", "name": "video-workload01-to-workload02", "reconcileID": "9072eb41-0c42-4cb3-b1e0-ad8777918534", "error": "updating RecoveryPath status: Operation cannot be fulfilled on recoverypaths.ramp.dcn.ssu.ac.kr \"video-workload01-to-workload02\": the object has been modified; please apply your changes to the latest version and try again"}
sigs.k8s.io/controller-runtime/pkg/internal/controller.(*Controller[...]).reconcileHandler
	/home/ubuntu/go/pkg/mod/sigs.k8s.io/controller-runtime@v0.21.0/pkg/internal/controller/controller.go:353
sigs.k8s.io/controller-runtime/pkg/internal/controller.(*Controller[...]).processNextWorkItem
	/home/ubuntu/go/pkg/mod/sigs.k8s.io/controller-runtime@v0.21.0/pkg/internal/controller/controller.go:300
sigs.k8s.io/controller-runtime/pkg/internal/controller.(*Controller[...]).Start.func2.1
	/home/ubuntu/go/pkg/mod/sigs.k8s.io/controller-runtime@v0.21.0/pkg/internal/controller/controller.go:202
2026-09-22T16:25:41Z	DEBUG	evaluated recovery path	{"controller": "recoverypath", "controllerGroup": "ramp.dcn.ssu.ac.kr", "controllerKind": "RecoveryPath", "RecoveryPath": {"name":"video-workload01-to-workload02","namespace":"default"}, "namespace": "default", "name": "video-workload01-to-workload02", "reconcileID": "08641c3b-4e4c-44f6-9c94-a8c786f89c7f", "readiness": "HOT", "prepared": "video-stream-rg-epoch-47", "candidate": "video-stream-rg-epoch-48", "unmet": []}
2026-09-22T16:25:42Z	ERROR	Reconciler error	{"controller": "recoverypath", "controllerGroup": "ramp.dcn.ssu.ac.kr", "controllerKind": "RecoveryPath", "RecoveryPath": {"name":"video-workload01-to-workload02","namespace":"default"}, "namespace": "default", "name": "video-workload01-to-workload02", "reconcileID": "117c263f-c58d-4224-b383-3e41c1cd8177", "error": "updating RecoveryPath status: Operation cannot be fulfilled on recoverypaths.ramp.dcn.ssu.ac.kr \"video-workload01-to-workload02\": the object has been modified; please apply your changes to the latest version and try again"}
sigs.k8s.io/controller-runtime/pkg/internal/controller.(*Controller[...]).reconcileHandler
	/home/ubuntu/go/pkg/mod/sigs.k8s.io/controller-runtime@v0.21.0/pkg/internal/controller/controller.go:353
sigs.k8s.io/controller-runtime/pkg/internal/controller.(*Controller[...]).processNextWorkItem
	/home/ubuntu/go/pkg/mod/sigs.k8s.io/controller-runtime@v0.21.0/pkg/internal/controller/controller.go:300
sigs.k8s.io/controller-runtime/pkg/internal/controller.(*Controller[...]).Start.func2.1
	/home/ubuntu/go/pkg/mod/sigs.k8s.io/controller-runtime@v0.21.0/pkg/internal/controller/controller.go:202
2026-09-22T16:25:43Z	DEBUG	evaluated recovery path	{"controller": "recoverypath", "controllerGroup": "ramp.dcn.ssu.ac.kr", "controllerKind": "RecoveryPath", "RecoveryPath": {"name":"video-workload01-to-workload02","namespace":"default"}, "namespace": "default", "name": "video-workload01-to-workload02", "reconcileID": "8fbe4bba-c81e-4b25-87fb-1b5bfb9477da", "readiness": "HOT", "prepared": "video-stream-rg-epoch-47", "candidate": "video-stream-rg-epoch-48", "unmet": []}
2026-09-22T16:25:44Z	DEBUG	evaluated recovery path	{"controller": "recoverypath", "controllerGroup": "ramp.dcn.ssu.ac.kr", "controllerKind": "RecoveryPath", "RecoveryPath": {"name":"video-workload01-to-workload02","namespace":"default"}, "namespace": "default", "name": "video-workload01-to-workload02", "reconcileID": "4b7645fa-8514-4a59-a443-56a16e762545", "readiness": "HOT", "prepared": "video-stream-rg-epoch-47", "candidate": "video-stream-rg-epoch-48", "unmet": []}
2026-09-22T16:25:45Z	DEBUG	evaluated recovery path	{"controller": "recoverypath", "controllerGroup": "ramp.dcn.ssu.ac.kr", "controllerKind": "RecoveryPath", "RecoveryPath": {"name":"video-workload01-to-workload02","namespace":"default"}, "namespace": "default", "name": "video-workload01-to-workload02", "reconcileID": "344ac28a-5462-426e-977a-e95798dd162f", "readiness": "HOT", "prepared": "video-stream-rg-epoch-47", "candidate": "video-stream-rg-epoch-48", "unmet": []}
2026-09-22T16:25:45Z	DEBUG	evaluated recovery path	{"controller": "recoverypath", "controllerGroup": "ramp.dcn.ssu.ac.kr", "controllerKind": "RecoveryPath", "RecoveryPath": {"name":"video-workload01-to-workload02","namespace":"default"}, "namespace": "default", "name": "video-workload01-to-workload02", "reconcileID": "1963e59b-8224-41c6-9819-75c3b0d234bd", "readiness": "HOT", "prepared": "video-stream-rg-epoch-47", "candidate": "video-stream-rg-epoch-48", "unmet": []}
2026-09-22T16:25:46Z	DEBUG	evaluated recovery path	{"controller": "recoverypath", "controllerGroup": "ramp.dcn.ssu.ac.kr", "controllerKind": "RecoveryPath", "RecoveryPath": {"name":"video-workload01-to-workload02","namespace":"default"}, "namespace": "default", "name": "video-workload01-to-workload02", "reconcileID": "0c5507d6-7582-4a3d-8c2a-4c95ae2318e9", "readiness": "HOT", "prepared": "video-stream-rg-epoch-47", "candidate": "video-stream-rg-epoch-48", "unmet": []}
2026-09-22T16:25:47Z	DEBUG	evaluated recovery path	{"controller": "recoverypath", "controllerGroup": "ramp.dcn.ssu.ac.kr", "controllerKind": "RecoveryPath", "RecoveryPath": {"name":"video-workload01-to-workload02","namespace":"default"}, "namespace": "default", "name": "video-workload01-to-workload02", "reconcileID": "53161568-160c-4024-a687-04cc4893285f", "readiness": "WARM", "prepared": "video-stream-rg-epoch-47", "candidate": "video-stream-rg-epoch-48", "unmet": ["EstimatedRTOWithinContract", "RestoreArtifactReady"]}
2026-09-22T16:25:48Z	DEBUG	evaluated recovery path	{"controller": "recoverypath", "controllerGroup": "ramp.dcn.ssu.ac.kr", "controllerKind": "RecoveryPath", "RecoveryPath": {"name":"video-workload01-to-workload02","namespace":"default"}, "namespace": "default", "name": "video-workload01-to-workload02", "reconcileID": "c2507be7-7429-4f2a-9cbb-f83a1589359f", "readiness": "WARM", "prepared": "video-stream-rg-epoch-47", "candidate": "video-stream-rg-epoch-48", "unmet": ["EstimatedRTOWithinContract", "RestoreArtifactReady"]}
2026-09-22T16:25:49Z	DEBUG	evaluated recovery path	{"controller": "recoverypath", "controllerGroup": "ramp.dcn.ssu.ac.kr", "controllerKind": "RecoveryPath", "RecoveryPath": {"name":"video-workload01-to-workload02","namespace":"default"}, "namespace": "default", "name": "video-workload01-to-workload02", "reconcileID": "f5acfa87-4cb4-4203-aafd-05f0573a6e74", "readiness": "WARM", "prepared": "video-stream-rg-epoch-47", "candidate": "video-stream-rg-epoch-48", "unmet": ["EstimatedRTOWithinContract", "RestoreArtifactReady"]}
2026-09-22T16:25:49Z	DEBUG	evaluated recovery path	{"controller": "recoverypath", "controllerGroup": "ramp.dcn.ssu.ac.kr", "controllerKind": "RecoveryPath", "RecoveryPath": {"name":"video-workload01-to-workload02","namespace":"default"}, "namespace": "default", "name": "video-workload01-to-workload02", "reconcileID": "45436d8d-df72-41a3-9a96-86254fc089ab", "readiness": "WARM", "prepared": "video-stream-rg-epoch-47", "candidate": "video-stream-rg-epoch-48", "unmet": ["EstimatedRTOWithinContract", "RestoreArtifactReady"]}
2026-09-22T16:25:50Z	DEBUG	evaluated recovery path	{"controller": "recoverypath", "controllerGroup": "ramp.dcn.ssu.ac.kr", "controllerKind": "RecoveryPath", "RecoveryPath": {"name":"video-workload01-to-workload02","namespace":"default"}, "namespace": "default", "name": "video-workload01-to-workload02", "reconcileID": "6f311ad1-2771-4dba-96e2-ff679919d3e3", "readiness": "WARM", "prepared": "video-stream-rg-epoch-47", "candidate": "video-stream-rg-epoch-48", "unmet": ["EstimatedRTOWithinContract", "RestoreArtifactReady"]}
2026-09-22T16:25:51Z	DEBUG	evaluated recovery path	{"controller": "recoverypath", "controllerGroup": "ramp.dcn.ssu.ac.kr", "controllerKind": "RecoveryPath", "RecoveryPath": {"name":"video-workload01-to-workload02","namespace":"default"}, "namespace": "default", "name": "video-workload01-to-workload02", "reconcileID": "6dc4279c-0bf5-4f23-923a-853df34a3f1f", "readiness": "WARM", "prepared": "video-stream-rg-epoch-47", "candidate": "video-stream-rg-epoch-48", "unmet": ["EstimatedRTOWithinContract", "RestoreArtifactReady"]}
2026-09-22T16:25:52Z	DEBUG	reconciled RecoveryGroup	{"controller": "recoverygroup", "controllerGroup": "ramp.dcn.ssu.ac.kr", "controllerKind": "RecoveryGroup", "RecoveryGroup": {"name":"video-stream-rg","namespace":"default"}, "namespace": "default", "name": "video-stream-rg", "reconcileID": "1e546f13-a3cf-4775-9823-971d0e03213c", "phase": "Resolved", "latestRecoveryPoint": "video-stream-rg-epoch-48"}
2026-09-22T16:25:52Z	DEBUG	reconciled RecoveryGroup	{"controller": "recoverygroup", "controllerGroup": "ramp.dcn.ssu.ac.kr", "controllerKind": "RecoveryGroup", "RecoveryGroup": {"name":"video-stream-rg","namespace":"default"}, "namespace": "default", "name": "video-stream-rg", "reconcileID": "eeb2c192-9281-4ce4-9a6d-f9268a5ee100", "phase": "Resolved", "latestRecoveryPoint": "video-stream-rg-epoch-48"}
2026-09-22T16:25:52Z	DEBUG	evaluated recovery path	{"controller": "recoverypath", "controllerGroup": "ramp.dcn.ssu.ac.kr", "controllerKind": "RecoveryPath", "RecoveryPath": {"name":"video-workload01-to-workload02","namespace":"default"}, "namespace": "default", "name": "video-workload01-to-workload02", "reconcileID": "5ac63385-2807-435f-9e1b-5710699db51c", "readiness": "HOT", "prepared": "video-stream-rg-epoch-47", "candidate": "video-stream-rg-epoch-48", "unmet": []}
2026-09-22T16:25:53Z	DEBUG	evaluated recovery path	{"controller": "recoverypath", "controllerGroup": "ramp.dcn.ssu.ac.kr", "controllerKind": "RecoveryPath", "RecoveryPath": {"name":"video-workload01-to-workload02","namespace":"default"}, "namespace": "default", "name": "video-workload01-to-workload02", "reconcileID": "7e9ed907-83b4-4179-871d-856bb8186e82", "readiness": "HOT", "prepared": "video-stream-rg-epoch-47", "candidate": "video-stream-rg-epoch-48", "unmet": []}
2026-09-22T16:25:53Z	DEBUG	evaluated recovery path	{"controller": "recoverypath", "controllerGroup": "ramp.dcn.ssu.ac.kr", "controllerKind": "RecoveryPath", "RecoveryPath": {"name":"video-workload01-to-workload02","namespace":"default"}, "namespace": "default", "name": "video-workload01-to-workload02", "reconcileID": "fc339821-e37c-42a9-8d69-448640530d1e", "readiness": "HOT", "prepared": "video-stream-rg-epoch-47", "candidate": "video-stream-rg-epoch-48", "unmet": []}
2026-09-22T16:25:54Z	DEBUG	evaluated recovery path	{"controller": "recoverypath", "controllerGroup": "ramp.dcn.ssu.ac.kr", "controllerKind": "RecoveryPath", "RecoveryPath": {"name":"video-workload01-to-workload02","namespace":"default"}, "namespace": "default", "name": "video-workload01-to-workload02", "reconcileID": "bec74ff4-2d41-47c9-9168-038b8b286eac", "readiness": "HOT", "prepared": "video-stream-rg-epoch-47", "candidate": "video-stream-rg-epoch-48", "unmet": []}
2026-09-22T16:25:55Z	ERROR	Reconciler error	{"controller": "recoverypath", "controllerGroup": "ramp.dcn.ssu.ac.kr", "controllerKind": "RecoveryPath", "RecoveryPath": {"name":"video-workload01-to-workload02","namespace":"default"}, "namespace": "default", "name": "video-workload01-to-workload02", "reconcileID": "c8caff29-8987-47c3-9738-1076b1c66464", "error": "updating RecoveryPath status: Operation cannot be fulfilled on recoverypaths.ramp.dcn.ssu.ac.kr \"video-workload01-to-workload02\": the object has been modified; please apply your changes to the latest version and try again"}
sigs.k8s.io/controller-runtime/pkg/internal/controller.(*Controller[...]).reconcileHandler
	/home/ubuntu/go/pkg/mod/sigs.k8s.io/controller-runtime@v0.21.0/pkg/internal/controller/controller.go:353
sigs.k8s.io/controller-runtime/pkg/internal/controller.(*Controller[...]).processNextWorkItem
	/home/ubuntu/go/pkg/mod/sigs.k8s.io/controller-runtime@v0.21.0/pkg/internal/controller/controller.go:300
sigs.k8s.io/controller-runtime/pkg/internal/controller.(*Controller[...]).Start.func2.1
	/home/ubuntu/go/pkg/mod/sigs.k8s.io/controller-runtime@v0.21.0/pkg/internal/controller/controller.go:202
2026-09-22T16:25:56Z	DEBUG	evaluated recovery path	{"controller": "recoverypath", "controllerGroup": "ramp.dcn.ssu.ac.kr", "controllerKind": "RecoveryPath", "RecoveryPath": {"name":"video-workload01-to-workload02","namespace":"default"}, "namespace": "default", "name": "video-workload01-to-workload02", "reconcileID": "7191babc-9e81-4e35-a2f1-a7ca6d2f5a46", "readiness": "HOT", "prepared": "video-stream-rg-epoch-47", "candidate": "video-stream-rg-epoch-48", "unmet": []}
2026-09-22T16:25:57Z	ERROR	Reconciler error	{"controller": "recoverypath", "controllerGroup": "ramp.dcn.ssu.ac.kr", "controllerKind": "RecoveryPath", "RecoveryPath": {"name":"video-workload01-to-workload02","namespace":"default"}, "namespace": "default", "name": "video-workload01-to-workload02", "reconcileID": "238cecd4-e90a-415b-8969-408617ddaed6", "error": "updating RecoveryPath status: Operation cannot be fulfilled on recoverypaths.ramp.dcn.ssu.ac.kr \"video-workload01-to-workload02\": the object has been modified; please apply your changes to the latest version and try again"}
sigs.k8s.io/controller-runtime/pkg/internal/controller.(*Controller[...]).reconcileHandler
	/home/ubuntu/go/pkg/mod/sigs.k8s.io/controller-runtime@v0.21.0/pkg/internal/controller/controller.go:353
sigs.k8s.io/controller-runtime/pkg/internal/controller.(*Controller[...]).processNextWorkItem
	/home/ubuntu/go/pkg/mod/sigs.k8s.io/controller-runtime@v0.21.0/pkg/internal/controller/controller.go:300
sigs.k8s.io/controller-runtime/pkg/internal/controller.(*Controller[...]).Start.func2.1
	/home/ubuntu/go/pkg/mod/sigs.k8s.io/controller-runtime@v0.21.0/pkg/internal/controller/controller.go:202
2026-09-22T16:25:57Z	DEBUG	evaluated recovery path	{"controller": "recoverypath", "controllerGroup": "ramp.dcn.ssu.ac.kr", "controllerKind": "RecoveryPath", "RecoveryPath": {"name":"video-workload01-to-workload02","namespace":"default"}, "namespace": "default", "name": "video-workload01-to-workload02", "reconcileID": "13c9652a-e873-452a-840b-10db810d5598", "readiness": "WARM", "prepared": "video-stream-rg-epoch-47", "candidate": "video-stream-rg-epoch-48", "unmet": ["ActivationPlanPrepared", "EstimatedRTOWithinContract", "RestoreArtifactReady"]}
2026-09-22T16:25:58Z	ERROR	Reconciler error	{"controller": "recoverypath", "controllerGroup": "ramp.dcn.ssu.ac.kr", "controllerKind": "RecoveryPath", "RecoveryPath": {"name":"video-workload01-to-workload02","namespace":"default"}, "namespace": "default", "name": "video-workload01-to-workload02", "reconcileID": "9e08f0d6-5128-4305-9eeb-2d4767b9e935", "error": "updating RecoveryPath status: Operation cannot be fulfilled on recoverypaths.ramp.dcn.ssu.ac.kr \"video-workload01-to-workload02\": the object has been modified; please apply your changes to the latest version and try again"}
sigs.k8s.io/controller-runtime/pkg/internal/controller.(*Controller[...]).reconcileHandler
	/home/ubuntu/go/pkg/mod/sigs.k8s.io/controller-runtime@v0.21.0/pkg/internal/controller/controller.go:353
sigs.k8s.io/controller-runtime/pkg/internal/controller.(*Controller[...]).processNextWorkItem
	/home/ubuntu/go/pkg/mod/sigs.k8s.io/controller-runtime@v0.21.0/pkg/internal/controller/controller.go:300
sigs.k8s.io/controller-runtime/pkg/internal/controller.(*Controller[...]).Start.func2.1
	/home/ubuntu/go/pkg/mod/sigs.k8s.io/controller-runtime@v0.21.0/pkg/internal/controller/controller.go:202
2026-09-22T16:25:59Z	DEBUG	evaluated recovery path	{"controller": "recoverypath", "controllerGroup": "ramp.dcn.ssu.ac.kr", "controllerKind": "RecoveryPath", "RecoveryPath": {"name":"video-workload01-to-workload02","namespace":"default"}, "namespace": "default", "name": "video-workload01-to-workload02", "reconcileID": "ed723331-62ac-484f-a5ea-d45d61c03e39", "readiness": "WARM", "prepared": "video-stream-rg-epoch-47", "candidate": "video-stream-rg-epoch-48", "unmet": ["ActivationPlanPrepared", "EstimatedRTOWithinContract", "RestoreArtifactReady"]}
2026-09-22T16:26:00Z	ERROR	Reconciler error	{"controller": "recoverypath", "controllerGroup": "ramp.dcn.ssu.ac.kr", "controllerKind": "RecoveryPath", "RecoveryPath": {"name":"video-workload01-to-workload02","namespace":"default"}, "namespace": "default", "name": "video-workload01-to-workload02", "reconcileID": "8892a7a8-2949-4de2-82dd-31d2ef3e2822", "error": "updating RecoveryPath status: Operation cannot be fulfilled on recoverypaths.ramp.dcn.ssu.ac.kr \"video-workload01-to-workload02\": the object has been modified; please apply your changes to the latest version and try again"}
sigs.k8s.io/controller-runtime/pkg/internal/controller.(*Controller[...]).reconcileHandler
	/home/ubuntu/go/pkg/mod/sigs.k8s.io/controller-runtime@v0.21.0/pkg/internal/controller/controller.go:353
sigs.k8s.io/controller-runtime/pkg/internal/controller.(*Controller[...]).processNextWorkItem
	/home/ubuntu/go/pkg/mod/sigs.k8s.io/controller-runtime@v0.21.0/pkg/internal/controller/controller.go:300
sigs.k8s.io/controller-runtime/pkg/internal/controller.(*Controller[...]).Start.func2.1
	/home/ubuntu/go/pkg/mod/sigs.k8s.io/controller-runtime@v0.21.0/pkg/internal/controller/controller.go:202
2026-09-22T16:26:00Z	INFO	promoting candidate RecoveryPoint to prepared	{"controller": "recoverypath", "controllerGroup": "ramp.dcn.ssu.ac.kr", "controllerKind": "RecoveryPath", "RecoveryPath": {"name":"video-workload01-to-workload02","namespace":"default"}, "namespace": "default", "name": "video-workload01-to-workload02", "reconcileID": "0a1e82be-c98b-48e0-b69e-6decce254e5c", "path": "video-workload01-to-workload02", "candidate": "video-stream-rg-epoch-48", "epoch": 48, "previouslyPrepared": "video-stream-rg-epoch-47"}
2026-09-22T16:26:01Z	DEBUG	evaluated recovery path	{"controller": "recoverypath", "controllerGroup": "ramp.dcn.ssu.ac.kr", "controllerKind": "RecoveryPath", "RecoveryPath": {"name":"video-workload01-to-workload02","namespace":"default"}, "namespace": "default", "name": "video-workload01-to-workload02", "reconcileID": "0a1e82be-c98b-48e0-b69e-6decce254e5c", "readiness": "HOT", "prepared": "video-stream-rg-epoch-48", "candidate": "<none>", "unmet": []}
2026-09-22T16:26:01Z	INFO	promoting candidate RecoveryPoint to prepared	{"controller": "recoverypath", "controllerGroup": "ramp.dcn.ssu.ac.kr", "controllerKind": "RecoveryPath", "RecoveryPath": {"name":"video-workload01-to-workload02","namespace":"default"}, "namespace": "default", "name": "video-workload01-to-workload02", "reconcileID": "3f6ad397-7948-4686-acfe-ca3f53c8792b", "path": "video-workload01-to-workload02", "candidate": "video-stream-rg-epoch-48", "epoch": 48, "previouslyPrepared": "video-stream-rg-epoch-47"}
2026-09-22T16:26:01Z	ERROR	Reconciler error	{"controller": "recoverypath", "controllerGroup": "ramp.dcn.ssu.ac.kr", "controllerKind": "RecoveryPath", "RecoveryPath": {"name":"video-workload01-to-workload02","namespace":"default"}, "namespace": "default", "name": "video-workload01-to-workload02", "reconcileID": "3f6ad397-7948-4686-acfe-ca3f53c8792b", "error": "updating RecoveryPath status: Operation cannot be fulfilled on recoverypaths.ramp.dcn.ssu.ac.kr \"video-workload01-to-workload02\": the object has been modified; please apply your changes to the latest version and try again"}
sigs.k8s.io/controller-runtime/pkg/internal/controller.(*Controller[...]).reconcileHandler
	/home/ubuntu/go/pkg/mod/sigs.k8s.io/controller-runtime@v0.21.0/pkg/internal/controller/controller.go:353
sigs.k8s.io/controller-runtime/pkg/internal/controller.(*Controller[...]).processNextWorkItem
	/home/ubuntu/go/pkg/mod/sigs.k8s.io/controller-runtime@v0.21.0/pkg/internal/controller/controller.go:300
sigs.k8s.io/controller-runtime/pkg/internal/controller.(*Controller[...]).Start.func2.1
	/home/ubuntu/go/pkg/mod/sigs.k8s.io/controller-runtime@v0.21.0/pkg/internal/controller/controller.go:202
2026-09-22T16:26:02Z	DEBUG	evaluated recovery path	{"controller": "recoverypath", "controllerGroup": "ramp.dcn.ssu.ac.kr", "controllerKind": "RecoveryPath", "RecoveryPath": {"name":"video-workload01-to-workload02","namespace":"default"}, "namespace": "default", "name": "video-workload01-to-workload02", "reconcileID": "537f2fc6-f8f2-4cd6-951c-3b71ea9e91ff", "readiness": "HOT", "prepared": "video-stream-rg-epoch-48", "candidate": "<none>", "unmet": []}
2026-09-22T16:26:03Z	ERROR	Reconciler error	{"controller": "recoverypath", "controllerGroup": "ramp.dcn.ssu.ac.kr", "controllerKind": "RecoveryPath", "RecoveryPath": {"name":"video-workload01-to-workload02","namespace":"default"}, "namespace": "default", "name": "video-workload01-to-workload02", "reconcileID": "855e7696-8710-4221-861a-871c8397b59d", "error": "updating RecoveryPath status: Operation cannot be fulfilled on recoverypaths.ramp.dcn.ssu.ac.kr \"video-workload01-to-workload02\": the object has been modified; please apply your changes to the latest version and try again"}
sigs.k8s.io/controller-runtime/pkg/internal/controller.(*Controller[...]).reconcileHandler
	/home/ubuntu/go/pkg/mod/sigs.k8s.io/controller-runtime@v0.21.0/pkg/internal/controller/controller.go:353
sigs.k8s.io/controller-runtime/pkg/internal/controller.(*Controller[...]).processNextWorkItem
	/home/ubuntu/go/pkg/mod/sigs.k8s.io/controller-runtime@v0.21.0/pkg/internal/controller/controller.go:300
sigs.k8s.io/controller-runtime/pkg/internal/controller.(*Controller[...]).Start.func2.1
	/home/ubuntu/go/pkg/mod/sigs.k8s.io/controller-runtime@v0.21.0/pkg/internal/controller/controller.go:202
2026-09-22T16:26:04Z	DEBUG	evaluated recovery path	{"controller": "recoverypath", "controllerGroup": "ramp.dcn.ssu.ac.kr", "controllerKind": "RecoveryPath", "RecoveryPath": {"name":"video-workload01-to-workload02","namespace":"default"}, "namespace": "default", "name": "video-workload01-to-workload02", "reconcileID": "d0e110fa-87b5-41eb-814b-7e13264d11c0", "readiness": "HOT", "prepared": "video-stream-rg-epoch-48", "candidate": "<none>", "unmet": []}
2026-09-22T16:26:05Z	DEBUG	evaluated recovery path	{"controller": "recoverypath", "controllerGroup": "ramp.dcn.ssu.ac.kr", "controllerKind": "RecoveryPath", "RecoveryPath": {"name":"video-workload01-to-workload02","namespace":"default"}, "namespace": "default", "name": "video-workload01-to-workload02", "reconcileID": "e7472019-89b2-4295-9b90-1d712e8dde69", "readiness": "WARM", "prepared": "video-stream-rg-epoch-48", "candidate": "<none>", "unmet": ["EstimatedRTOWithinContract", "RedisTargetRuntimeReady"]}
2026-09-22T16:26:05Z	DEBUG	evaluated recovery path	{"controller": "recoverypath", "controllerGroup": "ramp.dcn.ssu.ac.kr", "controllerKind": "RecoveryPath", "RecoveryPath": {"name":"video-workload01-to-workload02","namespace":"default"}, "namespace": "default", "name": "video-workload01-to-workload02", "reconcileID": "1efdce6b-bfba-4baa-b50e-56cf58b4553b", "readiness": "WARM", "prepared": "video-stream-rg-epoch-48", "candidate": "<none>", "unmet": ["EstimatedRTOWithinContract", "RedisTargetRuntimeReady"]}
2026-09-22T16:26:06Z	DEBUG	evaluated recovery path	{"controller": "recoverypath", "controllerGroup": "ramp.dcn.ssu.ac.kr", "controllerKind": "RecoveryPath", "RecoveryPath": {"name":"video-workload01-to-workload02","namespace":"default"}, "namespace": "default", "name": "video-workload01-to-workload02", "reconcileID": "1b9713c8-7c5e-4b3b-82d1-057f6090ff0d", "readiness": "WARM", "prepared": "video-stream-rg-epoch-48", "candidate": "<none>", "unmet": ["EstimatedRTOWithinContract", "RedisTargetRuntimeReady"]}
2026-09-22T16:26:07Z	DEBUG	evaluated recovery path	{"controller": "recoverypath", "controllerGroup": "ramp.dcn.ssu.ac.kr", "controllerKind": "RecoveryPath", "RecoveryPath": {"name":"video-workload01-to-workload02","namespace":"default"}, "namespace": "default", "name": "video-workload01-to-workload02", "reconcileID": "2566eb40-f76a-4c09-82f1-5ece57bc54ff", "readiness": "WARM", "prepared": "video-stream-rg-epoch-48", "candidate": "<none>", "unmet": ["EstimatedRTOWithinContract", "RedisTargetRuntimeReady"]}
2026-09-22T16:26:08Z	DEBUG	evaluated recovery path	{"controller": "recoverypath", "controllerGroup": "ramp.dcn.ssu.ac.kr", "controllerKind": "RecoveryPath", "RecoveryPath": {"name":"video-workload01-to-workload02","namespace":"default"}, "namespace": "default", "name": "video-workload01-to-workload02", "reconcileID": "43b79ef6-b938-489e-8f39-887d25a6058f", "readiness": "WARM", "prepared": "video-stream-rg-epoch-48", "candidate": "<none>", "unmet": ["EstimatedRTOWithinContract", "RedisTargetRuntimeReady"]}
2026-09-22T16:26:09Z	DEBUG	evaluated recovery path	{"controller": "recoverypath", "controllerGroup": "ramp.dcn.ssu.ac.kr", "controllerKind": "RecoveryPath", "RecoveryPath": {"name":"video-workload01-to-workload02","namespace":"default"}, "namespace": "default", "name": "video-workload01-to-workload02", "reconcileID": "a0245075-4041-4ef8-a7c5-a1fe558d3654", "readiness": "WARM", "prepared": "video-stream-rg-epoch-48", "candidate": "<none>", "unmet": ["EstimatedRTOWithinContract", "RedisTargetRuntimeReady"]}
2026-09-22T16:26:09Z	DEBUG	evaluated recovery path	{"controller": "recoverypath", "controllerGroup": "ramp.dcn.ssu.ac.kr", "controllerKind": "RecoveryPath", "RecoveryPath": {"name":"video-workload01-to-workload02","namespace":"default"}, "namespace": "default", "name": "video-workload01-to-workload02", "reconcileID": "7e439f8f-59e1-4991-be0e-6e90ddd0a840", "readiness": "WARM", "prepared": "video-stream-rg-epoch-48", "candidate": "<none>", "unmet": ["EstimatedRTOWithinContract", "RedisTargetRuntimeReady"]}
2026-09-22T16:26:10Z	DEBUG	evaluated recovery path	{"controller": "recoverypath", "controllerGroup": "ramp.dcn.ssu.ac.kr", "controllerKind": "RecoveryPath", "RecoveryPath": {"name":"video-workload01-to-workload02","namespace":"default"}, "namespace": "default", "name": "video-workload01-to-workload02", "reconcileID": "b0ea7b0a-3a87-42b2-8e1b-71eba7235964", "readiness": "WARM", "prepared": "video-stream-rg-epoch-48", "candidate": "<none>", "unmet": ["EstimatedRTOWithinContract", "RedisTargetRuntimeReady"]}
2026-09-22T16:26:11Z	DEBUG	evaluated recovery path	{"controller": "recoverypath", "controllerGroup": "ramp.dcn.ssu.ac.kr", "controllerKind": "RecoveryPath", "RecoveryPath": {"name":"video-workload01-to-workload02","namespace":"default"}, "namespace": "default", "name": "video-workload01-to-workload02", "reconcileID": "cdcc1e66-aa18-4bba-b90f-9828de2c715f", "readiness": "WARM", "prepared": "video-stream-rg-epoch-48", "candidate": "<none>", "unmet": ["EstimatedRTOWithinContract", "RedisTargetRuntimeReady"]}
2026-09-22T16:26:12Z	DEBUG	evaluated recovery path	{"controller": "recoverypath", "controllerGroup": "ramp.dcn.ssu.ac.kr", "controllerKind": "RecoveryPath", "RecoveryPath": {"name":"video-workload01-to-workload02","namespace":"default"}, "namespace": "default", "name": "video-workload01-to-workload02", "reconcileID": "f3f36348-c935-44e8-9c0a-1efb8a6c9811", "readiness": "WARM", "prepared": "video-stream-rg-epoch-48", "candidate": "<none>", "unmet": ["EstimatedRTOWithinContract", "RedisTargetRuntimeReady"]}
2026-09-22T16:26:13Z	DEBUG	evaluated recovery path	{"controller": "recoverypath", "controllerGroup": "ramp.dcn.ssu.ac.kr", "controllerKind": "RecoveryPath", "RecoveryPath": {"name":"video-workload01-to-workload02","namespace":"default"}, "namespace": "default", "name": "video-workload01-to-workload02", "reconcileID": "c1f710db-58d6-4c22-b021-082e43a55501", "readiness": "WARM", "prepared": "video-stream-rg-epoch-48", "candidate": "<none>", "unmet": ["EstimatedRTOWithinContract", "RedisTargetRuntimeReady"]}
2026-09-22T16:26:13Z	DEBUG	evaluated recovery path	{"controller": "recoverypath", "controllerGroup": "ramp.dcn.ssu.ac.kr", "controllerKind": "RecoveryPath", "RecoveryPath": {"name":"video-workload01-to-workload02","namespace":"default"}, "namespace": "default", "name": "video-workload01-to-workload02", "reconcileID": "829bfc88-4caf-498c-b7ba-c6774c20ebda", "readiness": "WARM", "prepared": "video-stream-rg-epoch-48", "candidate": "<none>", "unmet": ["EstimatedRTOWithinContract", "RedisTargetRuntimeReady"]}
2026-09-22T16:26:14Z	DEBUG	evaluated recovery path	{"controller": "recoverypath", "controllerGroup": "ramp.dcn.ssu.ac.kr", "controllerKind": "RecoveryPath", "RecoveryPath": {"name":"video-workload01-to-workload02","namespace":"default"}, "namespace": "default", "name": "video-workload01-to-workload02", "reconcileID": "d0caae27-ab75-42a5-b01b-ef4da1718a8b", "readiness": "WARM", "prepared": "video-stream-rg-epoch-48", "candidate": "<none>", "unmet": ["EstimatedRTOWithinContract", "RedisTargetRuntimeReady"]}
2026-09-22T16:26:15Z	ERROR	Reconciler error	{"controller": "recoverypath", "controllerGroup": "ramp.dcn.ssu.ac.kr", "controllerKind": "RecoveryPath", "RecoveryPath": {"name":"video-workload01-to-workload02","namespace":"default"}, "namespace": "default", "name": "video-workload01-to-workload02", "reconcileID": "31695133-2cc3-4dca-ae2d-4a30be8d06c2", "error": "updating RecoveryPath status: Operation cannot be fulfilled on recoverypaths.ramp.dcn.ssu.ac.kr \"video-workload01-to-workload02\": the object has been modified; please apply your changes to the latest version and try again"}
sigs.k8s.io/controller-runtime/pkg/internal/controller.(*Controller[...]).reconcileHandler
	/home/ubuntu/go/pkg/mod/sigs.k8s.io/controller-runtime@v0.21.0/pkg/internal/controller/controller.go:353
sigs.k8s.io/controller-runtime/pkg/internal/controller.(*Controller[...]).processNextWorkItem
	/home/ubuntu/go/pkg/mod/sigs.k8s.io/controller-runtime@v0.21.0/pkg/internal/controller/controller.go:300
sigs.k8s.io/controller-runtime/pkg/internal/controller.(*Controller[...]).Start.func2.1
	/home/ubuntu/go/pkg/mod/sigs.k8s.io/controller-runtime@v0.21.0/pkg/internal/controller/controller.go:202
2026-09-22T16:26:16Z	DEBUG	evaluated recovery path	{"controller": "recoverypath", "controllerGroup": "ramp.dcn.ssu.ac.kr", "controllerKind": "RecoveryPath", "RecoveryPath": {"name":"video-workload01-to-workload02","namespace":"default"}, "namespace": "default", "name": "video-workload01-to-workload02", "reconcileID": "03cce61d-a877-4ad4-9923-8c2d566ff92e", "readiness": "WARM", "prepared": "video-stream-rg-epoch-48", "candidate": "<none>", "unmet": ["EstimatedRTOWithinContract", "RedisTargetRuntimeReady"]}
2026-09-22T16:26:17Z	DEBUG	evaluated recovery path	{"controller": "recoverypath", "controllerGroup": "ramp.dcn.ssu.ac.kr", "controllerKind": "RecoveryPath", "RecoveryPath": {"name":"video-workload01-to-workload02","namespace":"default"}, "namespace": "default", "name": "video-workload01-to-workload02", "reconcileID": "b11b92a2-2fa4-4a5a-8524-a493ec4d5263", "readiness": "WARM", "prepared": "video-stream-rg-epoch-48", "candidate": "<none>", "unmet": ["EstimatedRTOWithinContract", "RedisTargetRuntimeReady"]}
2026-09-22T16:26:17Z	DEBUG	evaluated recovery path	{"controller": "recoverypath", "controllerGroup": "ramp.dcn.ssu.ac.kr", "controllerKind": "RecoveryPath", "RecoveryPath": {"name":"video-workload01-to-workload02","namespace":"default"}, "namespace": "default", "name": "video-workload01-to-workload02", "reconcileID": "12ad4564-3990-451d-ac7d-6e859a09c50d", "readiness": "WARM", "prepared": "video-stream-rg-epoch-48", "candidate": "<none>", "unmet": ["EstimatedRTOWithinContract", "RedisTargetRuntimeReady"]}
2026-09-22T16:26:18Z	DEBUG	evaluated recovery path	{"controller": "recoverypath", "controllerGroup": "ramp.dcn.ssu.ac.kr", "controllerKind": "RecoveryPath", "RecoveryPath": {"name":"video-workload01-to-workload02","namespace":"default"}, "namespace": "default", "name": "video-workload01-to-workload02", "reconcileID": "7c35b9b5-bdaa-40ba-acdd-98896bb48349", "readiness": "WARM", "prepared": "video-stream-rg-epoch-48", "candidate": "<none>", "unmet": ["EstimatedRTOWithinContract", "RedisTargetRuntimeReady"]}
2026-09-22T16:26:19Z	DEBUG	evaluated recovery path	{"controller": "recoverypath", "controllerGroup": "ramp.dcn.ssu.ac.kr", "controllerKind": "RecoveryPath", "RecoveryPath": {"name":"video-workload01-to-workload02","namespace":"default"}, "namespace": "default", "name": "video-workload01-to-workload02", "reconcileID": "65a3701c-4c99-4810-a512-25c6322d2cae", "readiness": "WARM", "prepared": "video-stream-rg-epoch-48", "candidate": "<none>", "unmet": ["EstimatedRTOWithinContract", "RedisTargetRuntimeReady"]}
2026-09-22T16:26:20Z	DEBUG	evaluated recovery path	{"controller": "recoverypath", "controllerGroup": "ramp.dcn.ssu.ac.kr", "controllerKind": "RecoveryPath", "RecoveryPath": {"name":"video-workload01-to-workload02","namespace":"default"}, "namespace": "default", "name": "video-workload01-to-workload02", "reconcileID": "b32942a7-1b3d-4beb-9f5c-b4483ad218fa", "readiness": "WARM", "prepared": "video-stream-rg-epoch-48", "candidate": "<none>", "unmet": ["EstimatedRTOWithinContract", "RedisTargetRuntimeReady"]}
2026-09-22T16:26:21Z	DEBUG	evaluated recovery path	{"controller": "recoverypath", "controllerGroup": "ramp.dcn.ssu.ac.kr", "controllerKind": "RecoveryPath", "RecoveryPath": {"name":"video-workload01-to-workload02","namespace":"default"}, "namespace": "default", "name": "video-workload01-to-workload02", "reconcileID": "a38c2da9-2648-4829-80d0-c57698553122", "readiness": "WARM", "prepared": "video-stream-rg-epoch-48", "candidate": "<none>", "unmet": ["EstimatedRTOWithinContract", "RedisTargetRuntimeReady"]}
2026-09-22T16:26:21Z	DEBUG	evaluated recovery path	{"controller": "recoverypath", "controllerGroup": "ramp.dcn.ssu.ac.kr", "controllerKind": "RecoveryPath", "RecoveryPath": {"name":"video-workload01-to-workload02","namespace":"default"}, "namespace": "default", "name": "video-workload01-to-workload02", "reconcileID": "0bc3a3ef-9219-40ae-880c-116eff43ff1f", "readiness": "WARM", "prepared": "video-stream-rg-epoch-48", "candidate": "<none>", "unmet": ["EstimatedRTOWithinContract", "RedisTargetRuntimeReady"]}
2026-09-22T16:26:22Z	DEBUG	reconciled RecoveryGroup	{"controller": "recoverygroup", "controllerGroup": "ramp.dcn.ssu.ac.kr", "controllerKind": "RecoveryGroup", "RecoveryGroup": {"name":"video-stream-rg","namespace":"default"}, "namespace": "default", "name": "video-stream-rg", "reconcileID": "a0fc8d34-232e-4607-9dd1-d00aca4fccc1", "phase": "Degraded", "latestRecoveryPoint": "video-stream-rg-epoch-48"}
2026-09-22T16:26:22Z	DEBUG	reconciled RecoveryGroup	{"controller": "recoverygroup", "controllerGroup": "ramp.dcn.ssu.ac.kr", "controllerKind": "RecoveryGroup", "RecoveryGroup": {"name":"video-stream-rg","namespace":"default"}, "namespace": "default", "name": "video-stream-rg", "reconcileID": "432ebbfd-97a3-4899-be32-2cca08519325", "phase": "Degraded", "latestRecoveryPoint": "video-stream-rg-epoch-48"}
2026-09-22T16:26:22Z	DEBUG	evaluated recovery path	{"controller": "recoverypath", "controllerGroup": "ramp.dcn.ssu.ac.kr", "controllerKind": "RecoveryPath", "RecoveryPath": {"name":"video-workload01-to-workload02","namespace":"default"}, "namespace": "default", "name": "video-workload01-to-workload02", "reconcileID": "de6ace95-2aca-4bed-941b-198c4cbbf672", "readiness": "WARM", "prepared": "video-stream-rg-epoch-48", "candidate": "<none>", "unmet": ["EstimatedRTOWithinContract", "RedisTargetRuntimeReady"]}
2026-09-22T16:26:23Z	DEBUG	evaluated recovery path	{"controller": "recoverypath", "controllerGroup": "ramp.dcn.ssu.ac.kr", "controllerKind": "RecoveryPath", "RecoveryPath": {"name":"video-workload01-to-workload02","namespace":"default"}, "namespace": "default", "name": "video-workload01-to-workload02", "reconcileID": "ee01a01d-4731-4a10-8465-bc6053b74b23", "readiness": "WARM", "prepared": "video-stream-rg-epoch-48", "candidate": "<none>", "unmet": ["EstimatedRTOWithinContract", "RedisTargetRuntimeReady"]}
2026-09-22T16:26:24Z	DEBUG	evaluated recovery path	{"controller": "recoverypath", "controllerGroup": "ramp.dcn.ssu.ac.kr", "controllerKind": "RecoveryPath", "RecoveryPath": {"name":"video-workload01-to-workload02","namespace":"default"}, "namespace": "default", "name": "video-workload01-to-workload02", "reconcileID": "335ccb09-52f0-4c1c-98f2-9e369eb062f5", "readiness": "WARM", "prepared": "video-stream-rg-epoch-48", "candidate": "<none>", "unmet": ["EstimatedRTOWithinContract", "RedisTargetRuntimeReady"]}
2026-09-22T16:26:25Z	DEBUG	evaluated recovery path	{"controller": "recoverypath", "controllerGroup": "ramp.dcn.ssu.ac.kr", "controllerKind": "RecoveryPath", "RecoveryPath": {"name":"video-workload01-to-workload02","namespace":"default"}, "namespace": "default", "name": "video-workload01-to-workload02", "reconcileID": "40ec9b70-0248-430e-99a5-3b2ecc784aa9", "readiness": "WARM", "prepared": "video-stream-rg-epoch-48", "candidate": "<none>", "unmet": ["EstimatedRTOWithinContract", "RedisTargetRuntimeReady"]}
2026-09-22T16:26:25Z	DEBUG	evaluated recovery path	{"controller": "recoverypath", "controllerGroup": "ramp.dcn.ssu.ac.kr", "controllerKind": "RecoveryPath", "RecoveryPath": {"name":"video-workload01-to-workload02","namespace":"default"}, "namespace": "default", "name": "video-workload01-to-workload02", "reconcileID": "df9c7f8d-7bad-41e2-b08c-8a3876a824de", "readiness": "WARM", "prepared": "video-stream-rg-epoch-48", "candidate": "<none>", "unmet": ["EstimatedRTOWithinContract", "RedisTargetRuntimeReady"]}
2026-09-22T16:26:26Z	DEBUG	evaluated recovery path	{"controller": "recoverypath", "controllerGroup": "ramp.dcn.ssu.ac.kr", "controllerKind": "RecoveryPath", "RecoveryPath": {"name":"video-workload01-to-workload02","namespace":"default"}, "namespace": "default", "name": "video-workload01-to-workload02", "reconcileID": "8eb00c48-bd7d-442b-afc8-60f9e3d8e681", "readiness": "WARM", "prepared": "video-stream-rg-epoch-48", "candidate": "<none>", "unmet": ["EstimatedRTOWithinContract", "RedisTargetRuntimeReady"]}
2026-09-22T16:26:27Z	ERROR	Reconciler error	{"controller": "recoverypath", "controllerGroup": "ramp.dcn.ssu.ac.kr", "controllerKind": "RecoveryPath", "RecoveryPath": {"name":"video-workload01-to-workload02","namespace":"default"}, "namespace": "default", "name": "video-workload01-to-workload02", "reconcileID": "30815ab3-71e2-4e64-8be1-848cf2cd8cba", "error": "updating RecoveryPath status: Operation cannot be fulfilled on recoverypaths.ramp.dcn.ssu.ac.kr \"video-workload01-to-workload02\": the object has been modified; please apply your changes to the latest version and try again"}
sigs.k8s.io/controller-runtime/pkg/internal/controller.(*Controller[...]).reconcileHandler
	/home/ubuntu/go/pkg/mod/sigs.k8s.io/controller-runtime@v0.21.0/pkg/internal/controller/controller.go:353
sigs.k8s.io/controller-runtime/pkg/internal/controller.(*Controller[...]).processNextWorkItem
	/home/ubuntu/go/pkg/mod/sigs.k8s.io/controller-runtime@v0.21.0/pkg/internal/controller/controller.go:300
sigs.k8s.io/controller-runtime/pkg/internal/controller.(*Controller[...]).Start.func2.1
	/home/ubuntu/go/pkg/mod/sigs.k8s.io/controller-runtime@v0.21.0/pkg/internal/controller/controller.go:202
2026-09-22T16:26:28Z	DEBUG	evaluated recovery path	{"controller": "recoverypath", "controllerGroup": "ramp.dcn.ssu.ac.kr", "controllerKind": "RecoveryPath", "RecoveryPath": {"name":"video-workload01-to-workload02","namespace":"default"}, "namespace": "default", "name": "video-workload01-to-workload02", "reconcileID": "b3baed7d-98d9-4ad9-8f15-eb3593fcc420", "readiness": "WARM", "prepared": "video-stream-rg-epoch-48", "candidate": "<none>", "unmet": ["EstimatedRTOWithinContract", "RedisTargetRuntimeReady"]}
2026-09-22T16:26:29Z	DEBUG	evaluated recovery path	{"controller": "recoverypath", "controllerGroup": "ramp.dcn.ssu.ac.kr", "controllerKind": "RecoveryPath", "RecoveryPath": {"name":"video-workload01-to-workload02","namespace":"default"}, "namespace": "default", "name": "video-workload01-to-workload02", "reconcileID": "d0606e4f-4b9a-439d-8b88-fc384cdc7a0e", "readiness": "WARM", "prepared": "video-stream-rg-epoch-48", "candidate": "<none>", "unmet": ["EstimatedRTOWithinContract", "RedisTargetRuntimeReady"]}
2026-09-22T16:26:29Z	DEBUG	evaluated recovery path	{"controller": "recoverypath", "controllerGroup": "ramp.dcn.ssu.ac.kr", "controllerKind": "RecoveryPath", "RecoveryPath": {"name":"video-workload01-to-workload02","namespace":"default"}, "namespace": "default", "name": "video-workload01-to-workload02", "reconcileID": "84b35a2a-6362-465d-8024-3b7cae5abc24", "readiness": "WARM", "prepared": "video-stream-rg-epoch-48", "candidate": "<none>", "unmet": ["EstimatedRTOWithinContract", "RedisTargetRuntimeReady"]}
2026-09-22T16:26:30Z	DEBUG	evaluated recovery path	{"controller": "recoverypath", "controllerGroup": "ramp.dcn.ssu.ac.kr", "controllerKind": "RecoveryPath", "RecoveryPath": {"name":"video-workload01-to-workload02","namespace":"default"}, "namespace": "default", "name": "video-workload01-to-workload02", "reconcileID": "585d153c-a944-4b0b-8130-2ff562c93308", "readiness": "WARM", "prepared": "video-stream-rg-epoch-48", "candidate": "<none>", "unmet": ["EstimatedRTOWithinContract", "RedisTargetRuntimeReady"]}
2026-09-22T16:26:31Z	DEBUG	evaluated recovery path	{"controller": "recoverypath", "controllerGroup": "ramp.dcn.ssu.ac.kr", "controllerKind": "RecoveryPath", "RecoveryPath": {"name":"video-workload01-to-workload02","namespace":"default"}, "namespace": "default", "name": "video-workload01-to-workload02", "reconcileID": "3c3f2934-362c-4e9d-8beb-a69838ebc335", "readiness": "WARM", "prepared": "video-stream-rg-epoch-48", "candidate": "<none>", "unmet": ["EstimatedRTOWithinContract", "RedisTargetRuntimeReady"]}
2026-09-22T16:26:32Z	DEBUG	evaluated recovery path	{"controller": "recoverypath", "controllerGroup": "ramp.dcn.ssu.ac.kr", "controllerKind": "RecoveryPath", "RecoveryPath": {"name":"video-workload01-to-workload02","namespace":"default"}, "namespace": "default", "name": "video-workload01-to-workload02", "reconcileID": "5b7185a7-a8ab-406d-8fd5-e7761d34263d", "readiness": "WARM", "prepared": "video-stream-rg-epoch-48", "candidate": "<none>", "unmet": ["EstimatedRTOWithinContract", "RedisTargetRuntimeReady"]}
2026-09-22T16:26:33Z	DEBUG	evaluated recovery path	{"controller": "recoverypath", "controllerGroup": "ramp.dcn.ssu.ac.kr", "controllerKind": "RecoveryPath", "RecoveryPath": {"name":"video-workload01-to-workload02","namespace":"default"}, "namespace": "default", "name": "video-workload01-to-workload02", "reconcileID": "4ce3b622-9132-42f4-b38d-2690ed236e5f", "readiness": "WARM", "prepared": "video-stream-rg-epoch-48", "candidate": "<none>", "unmet": ["EstimatedRTOWithinContract", "RedisTargetRuntimeReady"]}
2026-09-22T16:26:33Z	DEBUG	evaluated recovery path	{"controller": "recoverypath", "controllerGroup": "ramp.dcn.ssu.ac.kr", "controllerKind": "RecoveryPath", "RecoveryPath": {"name":"video-workload01-to-workload02","namespace":"default"}, "namespace": "default", "name": "video-workload01-to-workload02", "reconcileID": "a63b170f-d8f5-4891-a783-2d599eff00f4", "readiness": "WARM", "prepared": "video-stream-rg-epoch-48", "candidate": "<none>", "unmet": ["EstimatedRTOWithinContract", "RedisTargetRuntimeReady"]}
2026-09-22T16:26:34Z	DEBUG	evaluated recovery path	{"controller": "recoverypath", "controllerGroup": "ramp.dcn.ssu.ac.kr", "controllerKind": "RecoveryPath", "RecoveryPath": {"name":"video-workload01-to-workload02","namespace":"default"}, "namespace": "default", "name": "video-workload01-to-workload02", "reconcileID": "9c07b4a7-9d74-4857-b465-1152b148e671", "readiness": "WARM", "prepared": "video-stream-rg-epoch-48", "candidate": "<none>", "unmet": ["EstimatedRTOWithinContract", "RedisTargetRuntimeReady"]}
2026-09-22T16:26:35Z	DEBUG	evaluated recovery path	{"controller": "recoverypath", "controllerGroup": "ramp.dcn.ssu.ac.kr", "controllerKind": "RecoveryPath", "RecoveryPath": {"name":"video-workload01-to-workload02","namespace":"default"}, "namespace": "default", "name": "video-workload01-to-workload02", "reconcileID": "a526bad0-9caa-4c78-91bb-3e95c2b26a25", "readiness": "WARM", "prepared": "video-stream-rg-epoch-48", "candidate": "<none>", "unmet": ["EstimatedRTOWithinContract", "RedisTargetRuntimeReady"]}
2026-09-22T16:26:36Z	DEBUG	evaluated recovery path	{"controller": "recoverypath", "controllerGroup": "ramp.dcn.ssu.ac.kr", "controllerKind": "RecoveryPath", "RecoveryPath": {"name":"video-workload01-to-workload02","namespace":"default"}, "namespace": "default", "name": "video-workload01-to-workload02", "reconcileID": "cb0d3b8b-4cb0-4a62-bf05-5b7798498aea", "readiness": "WARM", "prepared": "video-stream-rg-epoch-48", "candidate": "<none>", "unmet": ["EstimatedRTOWithinContract", "RedisTargetRuntimeReady"]}
2026-09-22T16:26:37Z	DEBUG	evaluated recovery path	{"controller": "recoverypath", "controllerGroup": "ramp.dcn.ssu.ac.kr", "controllerKind": "RecoveryPath", "RecoveryPath": {"name":"video-workload01-to-workload02","namespace":"default"}, "namespace": "default", "name": "video-workload01-to-workload02", "reconcileID": "7d07bafe-c237-4c89-91e6-0d876b1fc86f", "readiness": "WARM", "prepared": "video-stream-rg-epoch-48", "candidate": "<none>", "unmet": ["EstimatedRTOWithinContract", "RedisTargetRuntimeReady"]}
2026-09-22T16:26:37Z	DEBUG	evaluated recovery path	{"controller": "recoverypath", "controllerGroup": "ramp.dcn.ssu.ac.kr", "controllerKind": "RecoveryPath", "RecoveryPath": {"name":"video-workload01-to-workload02","namespace":"default"}, "namespace": "default", "name": "video-workload01-to-workload02", "reconcileID": "329db144-113c-4900-8f72-ce16d85cb5a4", "readiness": "HOT", "prepared": "video-stream-rg-epoch-48", "candidate": "<none>", "unmet": []}
2026-09-22T16:26:38Z	DEBUG	evaluated recovery path	{"controller": "recoverypath", "controllerGroup": "ramp.dcn.ssu.ac.kr", "controllerKind": "RecoveryPath", "RecoveryPath": {"name":"video-workload01-to-workload02","namespace":"default"}, "namespace": "default", "name": "video-workload01-to-workload02", "reconcileID": "fb1e62b9-acce-4776-bdfb-55e351d397c1", "readiness": "WARM", "prepared": "video-stream-rg-epoch-48", "candidate": "<none>", "unmet": ["EstimatedRTOWithinContract", "RedisTargetRuntimeReady"]}
2026-09-22T16:26:39Z	ERROR	Reconciler error	{"controller": "recoverypath", "controllerGroup": "ramp.dcn.ssu.ac.kr", "controllerKind": "RecoveryPath", "RecoveryPath": {"name":"video-workload01-to-workload02","namespace":"default"}, "namespace": "default", "name": "video-workload01-to-workload02", "reconcileID": "6c6d50c1-b943-46b3-96d0-89e51a626988", "error": "updating RecoveryPath status: Operation cannot be fulfilled on recoverypaths.ramp.dcn.ssu.ac.kr \"video-workload01-to-workload02\": the object has been modified; please apply your changes to the latest version and try again"}
sigs.k8s.io/controller-runtime/pkg/internal/controller.(*Controller[...]).reconcileHandler
	/home/ubuntu/go/pkg/mod/sigs.k8s.io/controller-runtime@v0.21.0/pkg/internal/controller/controller.go:353
sigs.k8s.io/controller-runtime/pkg/internal/controller.(*Controller[...]).processNextWorkItem
	/home/ubuntu/go/pkg/mod/sigs.k8s.io/controller-runtime@v0.21.0/pkg/internal/controller/controller.go:300
sigs.k8s.io/controller-runtime/pkg/internal/controller.(*Controller[...]).Start.func2.1
	/home/ubuntu/go/pkg/mod/sigs.k8s.io/controller-runtime@v0.21.0/pkg/internal/controller/controller.go:202
2026-09-22T16:26:40Z	DEBUG	evaluated recovery path	{"controller": "recoverypath", "controllerGroup": "ramp.dcn.ssu.ac.kr", "controllerKind": "RecoveryPath", "RecoveryPath": {"name":"video-workload01-to-workload02","namespace":"default"}, "namespace": "default", "name": "video-workload01-to-workload02", "reconcileID": "9578e324-fae6-4149-b36d-9ab41a4483c0", "readiness": "WARM", "prepared": "video-stream-rg-epoch-48", "candidate": "<none>", "unmet": ["EstimatedRTOWithinContract", "RedisTargetRuntimeReady"]}
2026-09-22T16:26:41Z	ERROR	Reconciler error	{"controller": "recoverypath", "controllerGroup": "ramp.dcn.ssu.ac.kr", "controllerKind": "RecoveryPath", "RecoveryPath": {"name":"video-workload01-to-workload02","namespace":"default"}, "namespace": "default", "name": "video-workload01-to-workload02", "reconcileID": "f54c011f-8fff-46f8-b756-8c29e7fa9d23", "error": "updating RecoveryPath status: Operation cannot be fulfilled on recoverypaths.ramp.dcn.ssu.ac.kr \"video-workload01-to-workload02\": the object has been modified; please apply your changes to the latest version and try again"}
sigs.k8s.io/controller-runtime/pkg/internal/controller.(*Controller[...]).reconcileHandler
	/home/ubuntu/go/pkg/mod/sigs.k8s.io/controller-runtime@v0.21.0/pkg/internal/controller/controller.go:353
sigs.k8s.io/controller-runtime/pkg/internal/controller.(*Controller[...]).processNextWorkItem
	/home/ubuntu/go/pkg/mod/sigs.k8s.io/controller-runtime@v0.21.0/pkg/internal/controller/controller.go:300
sigs.k8s.io/controller-runtime/pkg/internal/controller.(*Controller[...]).Start.func2.1
	/home/ubuntu/go/pkg/mod/sigs.k8s.io/controller-runtime@v0.21.0/pkg/internal/controller/controller.go:202
2026-09-22T16:26:41Z	DEBUG	evaluated recovery path	{"controller": "recoverypath", "controllerGroup": "ramp.dcn.ssu.ac.kr", "controllerKind": "RecoveryPath", "RecoveryPath": {"name":"video-workload01-to-workload02","namespace":"default"}, "namespace": "default", "name": "video-workload01-to-workload02", "reconcileID": "f10538e0-3d5e-4764-98f9-04ac349a68e5", "readiness": "HOT", "prepared": "video-stream-rg-epoch-48", "candidate": "<none>", "unmet": []}
2026-09-22T16:26:42Z	ERROR	Reconciler error	{"controller": "recoverypath", "controllerGroup": "ramp.dcn.ssu.ac.kr", "controllerKind": "RecoveryPath", "RecoveryPath": {"name":"video-workload01-to-workload02","namespace":"default"}, "namespace": "default", "name": "video-workload01-to-workload02", "reconcileID": "a799e249-861b-4aa4-87a2-dd9de451dab4", "error": "updating RecoveryPath status: Operation cannot be fulfilled on recoverypaths.ramp.dcn.ssu.ac.kr \"video-workload01-to-workload02\": the object has been modified; please apply your changes to the latest version and try again"}
sigs.k8s.io/controller-runtime/pkg/internal/controller.(*Controller[...]).reconcileHandler
	/home/ubuntu/go/pkg/mod/sigs.k8s.io/controller-runtime@v0.21.0/pkg/internal/controller/controller.go:353
sigs.k8s.io/controller-runtime/pkg/internal/controller.(*Controller[...]).processNextWorkItem
	/home/ubuntu/go/pkg/mod/sigs.k8s.io/controller-runtime@v0.21.0/pkg/internal/controller/controller.go:300
sigs.k8s.io/controller-runtime/pkg/internal/controller.(*Controller[...]).Start.func2.1
	/home/ubuntu/go/pkg/mod/sigs.k8s.io/controller-runtime@v0.21.0/pkg/internal/controller/controller.go:202
2026-09-22T16:26:43Z	DEBUG	evaluated recovery path	{"controller": "recoverypath", "controllerGroup": "ramp.dcn.ssu.ac.kr", "controllerKind": "RecoveryPath", "RecoveryPath": {"name":"video-workload01-to-workload02","namespace":"default"}, "namespace": "default", "name": "video-workload01-to-workload02", "reconcileID": "683259d0-8a90-440e-b90a-382d643c4082", "readiness": "HOT", "prepared": "video-stream-rg-epoch-48", "candidate": "<none>", "unmet": []}
2026-09-22T16:26:44Z	ERROR	Reconciler error	{"controller": "recoverypath", "controllerGroup": "ramp.dcn.ssu.ac.kr", "controllerKind": "RecoveryPath", "RecoveryPath": {"name":"video-workload01-to-workload02","namespace":"default"}, "namespace": "default", "name": "video-workload01-to-workload02", "reconcileID": "f8914d24-bc5e-4930-89f7-fc514511c35d", "error": "updating RecoveryPath status: Operation cannot be fulfilled on recoverypaths.ramp.dcn.ssu.ac.kr \"video-workload01-to-workload02\": the object has been modified; please apply your changes to the latest version and try again"}
sigs.k8s.io/controller-runtime/pkg/internal/controller.(*Controller[...]).reconcileHandler
	/home/ubuntu/go/pkg/mod/sigs.k8s.io/controller-runtime@v0.21.0/pkg/internal/controller/controller.go:353
sigs.k8s.io/controller-runtime/pkg/internal/controller.(*Controller[...]).processNextWorkItem
	/home/ubuntu/go/pkg/mod/sigs.k8s.io/controller-runtime@v0.21.0/pkg/internal/controller/controller.go:300
sigs.k8s.io/controller-runtime/pkg/internal/controller.(*Controller[...]).Start.func2.1
	/home/ubuntu/go/pkg/mod/sigs.k8s.io/controller-runtime@v0.21.0/pkg/internal/controller/controller.go:202
2026-09-22T16:26:45Z	DEBUG	evaluated recovery path	{"controller": "recoverypath", "controllerGroup": "ramp.dcn.ssu.ac.kr", "controllerKind": "RecoveryPath", "RecoveryPath": {"name":"video-workload01-to-workload02","namespace":"default"}, "namespace": "default", "name": "video-workload01-to-workload02", "reconcileID": "d3aeb97e-d73c-4be5-86e9-00d251fde1c4", "readiness": "HOT", "prepared": "video-stream-rg-epoch-48", "candidate": "<none>", "unmet": []}
2026-09-22T16:26:45Z	ERROR	Reconciler error	{"controller": "recoverypath", "controllerGroup": "ramp.dcn.ssu.ac.kr", "controllerKind": "RecoveryPath", "RecoveryPath": {"name":"video-workload01-to-workload02","namespace":"default"}, "namespace": "default", "name": "video-workload01-to-workload02", "reconcileID": "2e2f86c9-fd4b-4d21-a425-d877128dae8d", "error": "updating RecoveryPath status: Operation cannot be fulfilled on recoverypaths.ramp.dcn.ssu.ac.kr \"video-workload01-to-workload02\": the object has been modified; please apply your changes to the latest version and try again"}
sigs.k8s.io/controller-runtime/pkg/internal/controller.(*Controller[...]).reconcileHandler
	/home/ubuntu/go/pkg/mod/sigs.k8s.io/controller-runtime@v0.21.0/pkg/internal/controller/controller.go:353
sigs.k8s.io/controller-runtime/pkg/internal/controller.(*Controller[...]).processNextWorkItem
	/home/ubuntu/go/pkg/mod/sigs.k8s.io/controller-runtime@v0.21.0/pkg/internal/controller/controller.go:300
sigs.k8s.io/controller-runtime/pkg/internal/controller.(*Controller[...]).Start.func2.1
	/home/ubuntu/go/pkg/mod/sigs.k8s.io/controller-runtime@v0.21.0/pkg/internal/controller/controller.go:202
2026-09-22T16:26:46Z	DEBUG	evaluated recovery path	{"controller": "recoverypath", "controllerGroup": "ramp.dcn.ssu.ac.kr", "controllerKind": "RecoveryPath", "RecoveryPath": {"name":"video-workload01-to-workload02","namespace":"default"}, "namespace": "default", "name": "video-workload01-to-workload02", "reconcileID": "d9dec9cf-169c-49ad-b9cb-a4fd0285ece4", "readiness": "HOT", "prepared": "video-stream-rg-epoch-48", "candidate": "<none>", "unmet": []}
2026-09-22T16:26:47Z	DEBUG	evaluated recovery path	{"controller": "recoverypath", "controllerGroup": "ramp.dcn.ssu.ac.kr", "controllerKind": "RecoveryPath", "RecoveryPath": {"name":"video-workload01-to-workload02","namespace":"default"}, "namespace": "default", "name": "video-workload01-to-workload02", "reconcileID": "47dfadbb-6d64-46a0-9a0b-ac2ef84b8e8c", "readiness": "HOT", "prepared": "video-stream-rg-epoch-48", "candidate": "<none>", "unmet": []}
2026-09-22T16:26:48Z	DEBUG	evaluated recovery path	{"controller": "recoverypath", "controllerGroup": "ramp.dcn.ssu.ac.kr", "controllerKind": "RecoveryPath", "RecoveryPath": {"name":"video-workload01-to-workload02","namespace":"default"}, "namespace": "default", "name": "video-workload01-to-workload02", "reconcileID": "bd2ba1eb-311a-4518-b358-e02233c30094", "readiness": "HOT", "prepared": "video-stream-rg-epoch-48", "candidate": "<none>", "unmet": []}
2026-09-22T16:26:49Z	DEBUG	evaluated recovery path	{"controller": "recoverypath", "controllerGroup": "ramp.dcn.ssu.ac.kr", "controllerKind": "RecoveryPath", "RecoveryPath": {"name":"video-workload01-to-workload02","namespace":"default"}, "namespace": "default", "name": "video-workload01-to-workload02", "reconcileID": "ca1a4c92-542b-4d12-992a-892a95758cd2", "readiness": "HOT", "prepared": "video-stream-rg-epoch-48", "candidate": "<none>", "unmet": []}
2026-09-22T16:26:50Z	DEBUG	evaluated recovery path	{"controller": "recoverypath", "controllerGroup": "ramp.dcn.ssu.ac.kr", "controllerKind": "RecoveryPath", "RecoveryPath": {"name":"video-workload01-to-workload02","namespace":"default"}, "namespace": "default", "name": "video-workload01-to-workload02", "reconcileID": "82c02eb3-5ff0-4723-b173-6b85d0488504", "readiness": "HOT", "prepared": "video-stream-rg-epoch-48", "candidate": "<none>", "unmet": []}
2026-09-22T16:26:50Z	DEBUG	evaluated recovery path	{"controller": "recoverypath", "controllerGroup": "ramp.dcn.ssu.ac.kr", "controllerKind": "RecoveryPath", "RecoveryPath": {"name":"video-workload01-to-workload02","namespace":"default"}, "namespace": "default", "name": "video-workload01-to-workload02", "reconcileID": "85c57dd0-e5b6-46d0-85f9-2de7d2a4aedc", "readiness": "HOT", "prepared": "video-stream-rg-epoch-48", "candidate": "<none>", "unmet": []}
2026-09-22T16:26:51Z	DEBUG	evaluated recovery path	{"controller": "recoverypath", "controllerGroup": "ramp.dcn.ssu.ac.kr", "controllerKind": "RecoveryPath", "RecoveryPath": {"name":"video-workload01-to-workload02","namespace":"default"}, "namespace": "default", "name": "video-workload01-to-workload02", "reconcileID": "c436e21e-61c6-49bd-80f6-349b10c3a6a2", "readiness": "HOT", "prepared": "video-stream-rg-epoch-48", "candidate": "<none>", "unmet": []}
2026-09-22T16:26:52Z	DEBUG	reconciled RecoveryGroup	{"controller": "recoverygroup", "controllerGroup": "ramp.dcn.ssu.ac.kr", "controllerKind": "RecoveryGroup", "RecoveryGroup": {"name":"video-stream-rg","namespace":"default"}, "namespace": "default", "name": "video-stream-rg", "reconcileID": "0ff3bf97-2e1b-48cd-9974-c654e508e52c", "phase": "Degraded", "latestRecoveryPoint": "video-stream-rg-epoch-48"}
2026-09-22T16:26:52Z	DEBUG	evaluated recovery path	{"controller": "recoverypath", "controllerGroup": "ramp.dcn.ssu.ac.kr", "controllerKind": "RecoveryPath", "RecoveryPath": {"name":"video-workload01-to-workload02","namespace":"default"}, "namespace": "default", "name": "video-workload01-to-workload02", "reconcileID": "7f503105-8484-4951-9725-5c8e4c423577", "readiness": "HOT", "prepared": "video-stream-rg-epoch-48", "candidate": "<none>", "unmet": []}
2026-09-22T16:26:53Z	DEBUG	evaluated recovery path	{"controller": "recoverypath", "controllerGroup": "ramp.dcn.ssu.ac.kr", "controllerKind": "RecoveryPath", "RecoveryPath": {"name":"video-workload01-to-workload02","namespace":"default"}, "namespace": "default", "name": "video-workload01-to-workload02", "reconcileID": "604fdec2-65d2-4a29-8a00-adb6bc673a0b", "readiness": "HOT", "prepared": "video-stream-rg-epoch-48", "candidate": "<none>", "unmet": []}
2026-09-22T16:26:53Z	DEBUG	evaluated recovery path	{"controller": "recoverypath", "controllerGroup": "ramp.dcn.ssu.ac.kr", "controllerKind": "RecoveryPath", "RecoveryPath": {"name":"video-workload01-to-workload02","namespace":"default"}, "namespace": "default", "name": "video-workload01-to-workload02", "reconcileID": "636bd0b5-7099-42ab-8fc0-a7e2cf825333", "readiness": "HOT", "prepared": "video-stream-rg-epoch-48", "candidate": "<none>", "unmet": []}
2026-09-22T16:26:54Z	DEBUG	evaluated recovery path	{"controller": "recoverypath", "controllerGroup": "ramp.dcn.ssu.ac.kr", "controllerKind": "RecoveryPath", "RecoveryPath": {"name":"video-workload01-to-workload02","namespace":"default"}, "namespace": "default", "name": "video-workload01-to-workload02", "reconcileID": "846103b5-a61a-4e15-a2eb-d5a24ddbe578", "readiness": "HOT", "prepared": "video-stream-rg-epoch-48", "candidate": "<none>", "unmet": []}
2026-09-22T16:26:55Z	DEBUG	evaluated recovery path	{"controller": "recoverypath", "controllerGroup": "ramp.dcn.ssu.ac.kr", "controllerKind": "RecoveryPath", "RecoveryPath": {"name":"video-workload01-to-workload02","namespace":"default"}, "namespace": "default", "name": "video-workload01-to-workload02", "reconcileID": "af88a27c-f6af-4738-9705-eea4dfb9b002", "readiness": "HOT", "prepared": "video-stream-rg-epoch-48", "candidate": "<none>", "unmet": []}
2026-09-22T16:26:56Z	DEBUG	evaluated recovery path	{"controller": "recoverypath", "controllerGroup": "ramp.dcn.ssu.ac.kr", "controllerKind": "RecoveryPath", "RecoveryPath": {"name":"video-workload01-to-workload02","namespace":"default"}, "namespace": "default", "name": "video-workload01-to-workload02", "reconcileID": "aa2282c7-0cdc-4f8c-bcfd-b6fbf34d51e9", "readiness": "HOT", "prepared": "video-stream-rg-epoch-48", "candidate": "<none>", "unmet": []}
2026-09-22T16:26:57Z	DEBUG	evaluated recovery path	{"controller": "recoverypath", "controllerGroup": "ramp.dcn.ssu.ac.kr", "controllerKind": "RecoveryPath", "RecoveryPath": {"name":"video-workload01-to-workload02","namespace":"default"}, "namespace": "default", "name": "video-workload01-to-workload02", "reconcileID": "27affc96-5576-4367-a29b-5f4ab6d863ad", "readiness": "HOT", "prepared": "video-stream-rg-epoch-48", "candidate": "<none>", "unmet": []}
2026-09-22T16:26:57Z	ERROR	Reconciler error	{"controller": "recoverypath", "controllerGroup": "ramp.dcn.ssu.ac.kr", "controllerKind": "RecoveryPath", "RecoveryPath": {"name":"video-workload01-to-workload02","namespace":"default"}, "namespace": "default", "name": "video-workload01-to-workload02", "reconcileID": "1faa41a9-56eb-4fb6-ac82-4e2e80452d40", "error": "updating RecoveryPath status: Operation cannot be fulfilled on recoverypaths.ramp.dcn.ssu.ac.kr \"video-workload01-to-workload02\": the object has been modified; please apply your changes to the latest version and try again"}
sigs.k8s.io/controller-runtime/pkg/internal/controller.(*Controller[...]).reconcileHandler
	/home/ubuntu/go/pkg/mod/sigs.k8s.io/controller-runtime@v0.21.0/pkg/internal/controller/controller.go:353
sigs.k8s.io/controller-runtime/pkg/internal/controller.(*Controller[...]).processNextWorkItem
	/home/ubuntu/go/pkg/mod/sigs.k8s.io/controller-runtime@v0.21.0/pkg/internal/controller/controller.go:300
sigs.k8s.io/controller-runtime/pkg/internal/controller.(*Controller[...]).Start.func2.1
	/home/ubuntu/go/pkg/mod/sigs.k8s.io/controller-runtime@v0.21.0/pkg/internal/controller/controller.go:202
2026-09-22T16:26:58Z	DEBUG	evaluated recovery path	{"controller": "recoverypath", "controllerGroup": "ramp.dcn.ssu.ac.kr", "controllerKind": "RecoveryPath", "RecoveryPath": {"name":"video-workload01-to-workload02","namespace":"default"}, "namespace": "default", "name": "video-workload01-to-workload02", "reconcileID": "15101676-fb7f-49d7-a278-33c329a84cd1", "readiness": "HOT", "prepared": "video-stream-rg-epoch-48", "candidate": "<none>", "unmet": []}
2026-09-22T16:26:59Z	ERROR	Reconciler error	{"controller": "recoverypath", "controllerGroup": "ramp.dcn.ssu.ac.kr", "controllerKind": "RecoveryPath", "RecoveryPath": {"name":"video-workload01-to-workload02","namespace":"default"}, "namespace": "default", "name": "video-workload01-to-workload02", "reconcileID": "2c5727cb-9672-42e4-9ee5-0a492e9b73e4", "error": "updating RecoveryPath status: Operation cannot be fulfilled on recoverypaths.ramp.dcn.ssu.ac.kr \"video-workload01-to-workload02\": the object has been modified; please apply your changes to the latest version and try again"}
sigs.k8s.io/controller-runtime/pkg/internal/controller.(*Controller[...]).reconcileHandler
	/home/ubuntu/go/pkg/mod/sigs.k8s.io/controller-runtime@v0.21.0/pkg/internal/controller/controller.go:353
sigs.k8s.io/controller-runtime/pkg/internal/controller.(*Controller[...]).processNextWorkItem
	/home/ubuntu/go/pkg/mod/sigs.k8s.io/controller-runtime@v0.21.0/pkg/internal/controller/controller.go:300
sigs.k8s.io/controller-runtime/pkg/internal/controller.(*Controller[...]).Start.func2.1
	/home/ubuntu/go/pkg/mod/sigs.k8s.io/controller-runtime@v0.21.0/pkg/internal/controller/controller.go:202
2026-09-22T16:27:00Z	DEBUG	evaluated recovery path	{"controller": "recoverypath", "controllerGroup": "ramp.dcn.ssu.ac.kr", "controllerKind": "RecoveryPath", "RecoveryPath": {"name":"video-workload01-to-workload02","namespace":"default"}, "namespace": "default", "name": "video-workload01-to-workload02", "reconcileID": "346e454a-554e-4a3b-aad8-c650d5b3e500", "readiness": "HOT", "prepared": "video-stream-rg-epoch-48", "candidate": "<none>", "unmet": []}
